Date,Open,High,Low,Close,Adj Close,Volume
7/16/2018,107.050003,110.769997,106.980003,110.580002,95.054199,24662600
7/17/2018,110.690002,110.93,109.75,110.5,94.985405,14821900
7/18/2018,110.419998,112.120003,110.199997,111.529999,95.870789,14244900
7/19/2018,111.059998,111.089996,109.730003,109.889999,94.461067,16775300
7/20/2018,110,111.739998,109.779999,111.279999,95.655907,13578100
7/23/2018,111.059998,114.239998,110.93,113.349998,97.435249,18140000
7/24/2018,113.550003,114.779999,113.419998,114.150002,98.122948,14000400
7/25/2018,113.879997,115.519997,113.379997,115.18,99.008324,13329100
7/26/2018,115.419998,115.589996,114.580002,114.849998,98.724655,11897800
7/27/2018,115.18,116.300003,114.809998,116.029999,99.738976,12802700
7/30/2018,116.279999,117.610001,116.059998,116.730003,100.340698,13411600
7/31/2018,117.080002,117.080002,114.82,114.949997,98.810608,15843800
8/1/2018,115.75,116.690002,115.279999,115.660004,99.420921,13531600
8/2/2018,114.57,116.25,114.330002,116.150002,99.842148,11058100
8/3/2018,116,117.129997,115.940002,117.089996,100.650146,11016100
8/6/2018,116.790001,117.529999,116.18,117.120003,100.675949,9857400
8/7/2018,117.739998,118.290001,117.330002,117.550003,101.04557,10562100
8/8/2018,117.330002,118.269997,117.279999,117.790001,101.251884,8997100
8/9/2018,117.510002,117.720001,116.699997,116.879997,100.469643,9694200
8/10/2018,115.5,115.949997,114.68,115.730003,99.48111,12630600
8/13/2018,115.559998,115.879997,113.82,113.889999,97.899445,10336300
8/14/2018,114.269997,115.040001,113.650002,114.650002,98.552742,10597600
8/15/2018,113.82,114.330002,112.970001,113.699997,97.736107,10152100
8/16/2018,114.349998,115.309998,114.300003,114.769997,98.655891,10118600
8/17/2018,114.639999,115.07,114.300003,114.769997,98.655891,8505100
8/20/2018,114.589996,115.050003,114.110001,114.620003,98.526962,8618700
8/21/2018,115.370003,116.389999,114.879997,115.32,99.12867,10976700
8/22/2018,115.309998,115.410004,114.779999,114.970001,98.827812,8314700
8/23/2018,114.959999,115.150002,114.43,114.730003,98.621506,9265400
8/24/2018,114.980003,115.220001,114.449997,114.68,98.578537,8845700
8/27/2018,115.220001,117.279999,115.169998,116.709999,100.323509,13768000
8/28/2018,117,117.029999,115.970001,116.139999,99.833542,8302600
8/29/2018,116.349998,116.370003,115.360001,115.760002,99.506912,7221700
8/30/2018,115.589996,116.040001,114.980003,115.190002,99.016922,8991800
8/31/2018,114.830002,114.839996,113.82,114.580002,98.492592,13065700
9/4/2018,114.339996,115.239998,113.629997,115.150002,98.982536,10174200
9/5/2018,115,115.699997,114.25,114.589996,98.501167,11462400
9/6/2018,114.5,114.699997,113.5,114.099998,98.079956,9877600
9/7/2018,114.5,114.769997,113.629997,114.32,98.269073,10955600
9/10/2018,114.849998,114.970001,113.660004,113.709999,97.744705,8276900
9/11/2018,113.540001,114.580002,113.18,114.43,98.363617,9333800
9/12/2018,114.25,114.879997,112.849998,113.080002,97.203178,10800800
9/13/2018,113.370003,114.129997,112.669998,113.519997,97.58139,12470800
9/14/2018,113.809998,114.489998,113.230003,113.5,97.564201,10337900
9/17/2018,113.790001,114.43,113.300003,113.839996,97.856468,9561300
9/18/2018,114.330002,114.660004,113.559998,114.300003,98.251892,7944200
9/19/2018,114.440002,118.059998,114.440002,117.620003,101.105743,16052800
9/20/2018,118.5,119.239998,118.080002,118.629997,101.973923,15590000
9/21/2018,119.129997,119.230003,117.739998,117.849998,101.303467,24788200
9/24/2018,117.760002,118.459999,116.43,116.720001,100.3321,12492500
9/25/2018,117.040001,117.970001,116.32,116.389999,100.048424,9308300
9/26/2018,116.75,116.870003,114.660004,115.019997,98.870789,14023600
9/27/2018,115.419998,115.760002,114.160004,114.519997,98.441002,13283000
9/28/2018,113.650002,114.239998,112.519997,112.839996,96.996864,15815100
10/1/2018,113.370003,114.610001,113.040001,113.5,97.564201,10146300
10/2/2018,113.360001,114.120003,112.809998,113.970001,97.968224,13753100
10/3/2018,114.940002,115.660004,114.480003,115.040001,98.887985,17142000
10/4/2018,114.550003,116.809998,114.209999,115.269997,99.779564,16357400
10/5/2018,115.830002,116.099998,114.019997,114.620003,99.216911,13777600
10/8/2018,114.25,115.779999,113.349998,115.32,99.822838,14370900
10/9/2018,114.669998,115.029999,113.669998,114.519997,99.130363,14069500
10/10/2018,114.699997,114.949997,111.470001,111.470001,96.490211,23086400
10/11/2018,110.970001,111.470001,107.379997,108.129997,93.599075,33705600
10/12/2018,110.370003,110.830002,105.599998,106.949997,92.577629,32075700
10/15/2018,107.199997,108.849998,106.32,106.339996,92.049629,18903200
10/16/2018,107.160004,108.779999,106.730003,108.620003,94.023216,19302800
10/17/2018,108.379997,110.800003,108.230003,109.830002,95.07061,18794500
10/18/2018,109.019997,109.839996,107.809998,108.089996,93.564438,17582500
10/19/2018,107.650002,109.220001,107.269997,107.910004,93.408646,15234500
10/22/2018,108.150002,108.339996,106.110001,106.360001,92.066925,16199100
10/23/2018,104.199997,106.160004,103.699997,105.25,91.106117,21407500
10/24/2018,104.760002,105.029999,102.910004,103.290001,89.409477,23168900
10/25/2018,104.18,105.900002,103.720001,104.860001,90.768509,17464700
10/26/2018,104,104.559998,102.730003,103.419998,89.522018,19174900
10/29/2018,104.459999,106.629997,103.699997,104.849998,90.759834,18445200
10/30/2018,105.709999,106.980003,104.860001,106.699997,92.361221,18019700
10/31/2018,108.080002,110.480003,107.790001,109.019997,94.369469,20860000
11/1/2018,109.620003,110.220001,108.32,108.980003,94.334846,13065000
11/2/2018,109.900002,110.809998,107.489998,108.379997,93.815475,19009200
11/5/2018,108.610001,109.290001,108.419998,109.089996,94.430038,10276400
11/6/2018,108.669998,109.669998,107.760002,109.599998,94.871506,10825000
11/7/2018,110.370003,111.730003,109.349998,111.480003,96.498871,12679600
11/8/2018,111.010002,112.93,111,112.379997,97.277924,11662500
11/9/2018,112.230003,112.360001,110.830002,111.290001,96.334404,10432200
11/12/2018,111.419998,111.940002,108.599998,108.949997,94.308861,13279700
11/13/2018,109.099998,111.120003,109.099998,109.589996,94.862869,13746100
11/14/2018,110.230003,110.709999,105.980003,107.330002,92.906563,18361400
11/15/2018,108.239998,110.080002,106.809998,110.07,95.278351,19100000
11/16/2018,109.449997,110.760002,108.550003,109.989998,95.209114,13798600
11/19/2018,109.959999,111.199997,109.529999,110.830002,95.936241,13987000
11/20/2018,109.779999,110.489998,107.980003,108.449997,93.876053,18936200
11/21/2018,109.029999,109.610001,107.639999,107.639999,93.174919,10619600
11/23/2018,106.739998,107.389999,106.059998,106.650002,92.317963,6488400
11/26/2018,107.720001,109.980003,107.449997,109.260002,94.577202,13948300
11/27/2018,108.760002,110.029999,108.629997,109.720001,94.975388,9238200
11/28/2018,109.800003,111.400002,108.870003,110.940002,96.031448,13977300
11/29/2018,110.269997,110.800003,109.639999,110.059998,95.269707,11144300
11/30/2018,109.849998,111.32,109.580002,111.190002,96.247849,18652700
12/3/2018,112.379997,112.889999,111.739998,112.239998,97.156754,16034500
12/4/2018,111.599998,111.599998,106.730003,107.230003,92.820023,23555900
12/6/2018,105.010002,105.360001,102.879997,105.190002,91.054161,27213900
12/7/2018,105.160004,106.980003,102.910004,103.290001,89.409477,19248600
12/10/2018,102.870003,103.489998,99.279999,101.360001,87.738831,23636400
12/11/2018,103.129997,103.660004,100.209999,100.370003,86.881874,16860700
12/12/2018,101.660004,102.900002,100.059998,101.019997,87.444534,22621500
12/13/2018,101.550003,101.970001,100.669998,101.120003,87.53109,17250900
12/14/2018,99.989998,101.940002,99.860001,100.290001,86.812637,19879500
12/17/2018,99.769997,100.559998,98.440002,99.010002,85.704659,25113500
12/18/2018,99.419998,100.889999,98.120003,98.540001,85.297813,20837200
12/19/2018,98.410004,100.580002,96.599998,97.290001,84.215782,28767900
12/20/2018,96.610001,98.279999,95.690002,96.449997,83.488678,31825200
12/21/2018,96.68,98.43,93.690002,94.169998,81.515076,41313900
12/24/2018,92.889999,94.220001,92.139999,92.139999,79.757866,17009300
12/26/2018,92.690002,95.959999,91.110001,95.959999,83.064514,22542900
12/27/2018,94.82,97.150002,93.550003,97.040001,83.999382,20304700
12/28/2018,97.949997,98.32,96.440002,96.830002,83.817627,17963300
12/31/2018,97.589996,98.809998,96.769997,97.620003,84.50145,13237200
1/2/2019,95.949997,99.779999,95.940002,99.309998,85.964333,15670900
1/3/2019,98.639999,98.889999,96.690002,97.110001,84.742638,16286400
1/4/2019,99.110001,100.93,98.279999,100.690002,87.866699,16935200
1/7/2019,100.43,101.470001,99.709999,100.760002,87.927788,15430700
1/8/2019,101.629997,101.82,99.550003,100.57,87.761971,13578800
1/9/2019,100.809998,101.489998,99.93,100.400002,87.613625,14230300
1/10/2019,100.019997,100.730003,99.269997,100.389999,87.604897,14376100
1/11/2019,99.889999,100.169998,98.949997,99.910004,87.186035,15439900
1/14/2019,98.870003,101.360001,98.660004,100.940002,88.084869,21258500
1/15/2019,98.889999,102.470001,98.599998,101.68,88.730606,26504900
1/16/2019,102.25,103.449997,101.800003,102.5,89.446182,18533000
1/17/2019,102.110001,103.5,101.919998,102.919998,89.812698,14247600
1/18/2019,103.769997,104.900002,102.830002,104.589996,91.269989,16428700
1/22/2019,103.080002,103.589996,102.129997,102.940002,89.830147,17083700
1/23/2019,103.440002,103.699997,101.970001,102.68,89.603256,12146700
1/24/2019,102.129997,103.089996,101.940002,102.739998,89.655617,11296800
1/25/2019,103.510002,104.309998,102.739998,103.389999,90.222839,14369400
1/28/2019,102.889999,104.239998,102.589996,103.879997,90.650421,12283100
1/29/2019,103.879997,105.110001,103.730003,104.169998,90.903503,9743300
1/30/2019,104.139999,105.239998,103.779999,104.410004,91.112938,12526300
1/31/2019,103.410004,103.800003,102.730003,103.5,90.318832,17520600
2/1/2019,104,104.849998,103.519997,103.879997,90.650421,13000800
2/4/2019,103.790001,104.25,103.010002,104.25,90.973312,9871500
2/5/2019,104.519997,104.550003,103.290001,103.790001,90.571915,12763000
2/6/2019,103.709999,104.620003,103.470001,103.739998,90.528275,8745000
2/7/2019,103.25,103.5,101.440002,102.379997,89.341461,13177500
2/8/2019,102.080002,102.339996,100.059998,101.360001,88.451385,12892600
2/11/2019,101.760002,102.010002,100.769997,100.879997,88.032501,10978500
2/12/2019,101.949997,102.919998,101.889999,102.599998,89.533447,12852300
2/13/2019,102.900002,103.849998,102.900002,103.089996,89.961052,10754100
2/14/2019,102.470001,103.099998,101.349998,102.419998,89.376373,11518500
2/15/2019,103.900002,105.699997,103.660004,105.550003,92.107758,14716900
2/19/2019,104.910004,105.370003,103.809998,105.18,91.784874,12764900
2/20/2019,105.209999,105.800003,104.879997,105.690002,92.229935,10030300
2/21/2019,105.449997,105.989998,104.959999,105.470001,92.037956,8400100
2/22/2019,105.699997,106.089996,104.779999,105,91.627808,10647300
2/25/2019,105.75,107.269997,105.690002,106.099998,92.587708,11230700
2/26/2019,104.5,105.470001,103.940002,105.290001,91.880875,15465400
2/27/2019,105.18,105.379997,104.510002,105.160004,91.767433,9968800
2/28/2019,105.010002,105.209999,104.18,104.360001,91.069305,15156900
3/1/2019,105.099998,105.910004,104.199997,104.43,91.130402,13813300
3/4/2019,104.919998,105.919998,103.269997,104.190002,90.920967,12466300
3/5/2019,104.129997,104.550003,103.260002,104.110001,90.851151,10856600
3/6/2019,103.860001,104.57,103.550003,103.720001,90.510803,9070800
3/7/2019,103.25,103.470001,102.160004,102.970001,89.856331,12705700
3/8/2019,101.989998,103.230003,101.989998,103.010002,89.891235,10582400
3/11/2019,103.980003,104.550003,103.660004,104.349998,91.060585,9763200
3/12/2019,104.589996,104.790001,103.75,104.040001,90.79007,10219100
3/13/2019,104.190002,104.980003,103.949997,104.389999,91.095482,13022200
3/14/2019,104.5,105.870003,104.459999,105.339996,91.9245,10926500
3/15/2019,105.410004,106.800003,105.230003,106.550003,92.9804,24811700
3/18/2019,106.550003,107.790001,106.5,107.190002,93.538895,12935500
3/19/2019,108.199997,108.400002,106.550003,106.800003,93.198578,12889300
3/20/2019,106.43,106.650002,104.410004,104.519997,91.208923,14920700
3/21/2019,103.489998,103.489998,102.279999,102.870003,89.769081,19751000
3/22/2019,101.82,102.32,99.519997,99.760002,87.055115,31115200
3/25/2019,99.589996,100.57,98.089996,98.93,86.330826,21032300
3/26/2019,99.82,100.400002,98.82,99.919998,87.194756,15987100
3/27/2019,99.879997,100.449997,99.080002,99.580002,86.898056,12753200
3/28/2019,100,100.800003,99.739998,100.709999,87.884155,12454100
3/29/2019,101.540001,101.989998,100.589996,101.230003,88.337921,14523400
4/1/2019,102.150002,104.68,102.120003,104.639999,91.313644,17499300
4/2/2019,104.599998,105.440002,104.330002,105.139999,91.749969,10295400
4/3/2019,105.809998,106.360001,104.790001,105.349998,91.933235,11499200
4/4/2019,104.550003,105.730003,104.449997,105.559998,92.821342,11952100
4/5/2019,105.800003,106.110001,104.989998,105.309998,92.601532,9933700
4/8/2019,105.110001,105.650002,104.910004,105.650002,92.90049,8056300
4/9/2019,105.080002,105.199997,104.25,104.870003,92.214607,9092200
4/10/2019,105.129997,105.720001,104.470001,105.339996,92.627884,10882300
4/11/2019,105.709999,106.730003,105.559998,106.230003,93.410492,11183800
4/12/2019,109.440002,111.849998,108.879997,111.209999,97.789528,25834100
4/15/2019,110.919998,111,109.120003,109.940002,96.672775,15163800
4/16/2019,109.900002,111.389999,109.860001,111.099998,97.692795,11583200
4/17/2019,111.699997,114.660004,111.010002,114.300003,100.50663,17791900
4/18/2019,114.529999,114.949997,113.330002,113.459999,99.76799,12501900
4/22/2019,112.830002,113.93,112.660004,113.599998,99.891106,7975900
4/23/2019,113,114.370003,112.849998,113.739998,100.014191,9193100
4/24/2019,113.260002,114.150002,112.809998,113.550003,99.847137,9245700
4/25/2019,113.010002,114.150002,112.5,113.610001,99.899895,9311800
4/26/2019,113.949997,114.580002,113.599998,114.470001,100.656113,7889300
4/29/2019,114.599998,117.160004,114.449997,116.120003,102.106987,14242200
4/30/2019,116.43,116.720001,115.260002,116.050003,102.045433,11389100
5/1/2019,115.720001,117,115.110001,115.160004,101.262856,10412900
5/2/2019,115.169998,115.779999,114.580002,115.410004,101.482674,8613300
5/3/2019,116,116.68,115.669998,116.120003,102.106987,8185400
5/6/2019,114.18,115.470001,113.720001,115.089996,101.201286,9387000
5/7/2019,114.029999,114.029999,112.290001,113.209999,99.54818,15017700
5/8/2019,112.660004,113.669998,112.459999,112.610001,99.020576,9575800
5/9/2019,111.139999,112.739998,110.580002,112.519997,98.941422,12205900
5/10/2019,111.75,112.839996,110.540001,112.510002,98.932655,13189000
5/13/2019,110.080002,110.449997,108.980003,109.449997,96.241905,13783700
5/14/2019,109.550003,111.720001,109.5,110.32,97.00692,10503600
5/15/2019,109.209999,110.900002,108.610001,109.900002,96.637611,10142000
5/16/2019,110.620003,112.169998,110.589996,111.309998,97.877457,9672700
5/17/2019,110,111.75,109.830002,110.769997,97.402626,9570100
5/20/2019,110.580002,111.809998,110.370003,111.349998,97.912621,8518200
5/21/2019,111.440002,111.919998,111.220001,111.730003,98.246765,7967900
5/22/2019,111.400002,111.790001,110.75,110.82,97.446571,7918900
5/23/2019,109.639999,109.790001,107.5,108.639999,95.529663,14558000
5/24/2019,109.519997,109.959999,109.190002,109.709999,96.470543,8537300
5/28/2019,109.199997,109.830002,108.440002,108.519997,95.424149,11665500
5/29/2019,107.449997,108.400002,107.059998,108.220001,95.160332,9966400
5/30/2019,108.650002,109.18,106.540001,107.059998,94.140327,10367800
5/31/2019,105.559998,106.589996,104.839996,105.959999,93.173088,10952800
6/3/2019,105.800003,106.860001,105.300003,106.459999,93.61274,11680700
6/4/2019,107.849998,109.900002,107.129997,109.739998,96.496902,12858600
6/5/2019,109.860001,110.379997,108.639999,110.129997,96.839851,8340500
6/6/2019,110.150002,110.870003,108.93,110.370003,97.050896,8726700
6/7/2019,109.699997,110.019997,108.959999,109.160004,95.986916,10618900
6/10/2019,110.75,111.209999,110.220001,110.339996,97.024506,11380600
6/11/2019,110.82,111.57,110.370003,110.68,97.323479,9847700
6/12/2019,110.699997,110.900002,108.889999,109.269997,96.083633,9670500
6/13/2019,109.459999,110.160004,109.050003,109.540001,96.321053,8406900
6/14/2019,109.57,110.300003,108.629997,109.82,96.567261,9077400
6/17/2019,109.699997,110.370003,109.059998,109.220001,96.03968,8128600
6/18/2019,109.010002,111.410004,108.980003,110.709999,97.349854,11057300
6/19/2019,110.82,111.589996,109.699997,109.910004,96.646416,13126500
6/20/2019,110.879997,111.089996,109.029999,110.190002,96.892616,13638000
6/21/2019,110.190002,111.669998,109.089996,109.440002,96.233131,27089500
6/24/2019,109.279999,109.769997,108.540001,108.660004,95.547249,13039600
6/25/2019,108.68,108.980003,107.669998,107.760002,94.755859,18660100
6/26/2019,108.300003,109.309998,108.160004,108.480003,95.388969,10324600
6/27/2019,108.839996,109.550003,108.440002,108.839996,95.705521,10906600
6/28/2019,111.040001,112.43,110.900002,111.800003,98.308334,21634700
7/1/2019,113.230003,114.519997,113.080002,113.68,99.961449,12724500
7/2/2019,113.510002,114.199997,113.220001,113.800003,100.066956,10174900
7/3/2019,113.339996,113.870003,112.260002,112.82,99.907562,6849400
7/5/2019,113.510002,114.269997,112.919998,113.489998,100.500893,7929400
7/8/2019,112.959999,113.480003,112.5,112.870003,99.951843,6917200
7/9/2019,112.279999,113.489998,112.150002,113.349998,100.376907,8947300
7/10/2019,113.370003,113.830002,112.739998,113.019997,100.084663,9242300
7/11/2019,113.370003,114.360001,113.120003,114.099998,101.041054,11595200
7/12/2019,114.129997,115.349998,113.93,115.300003,102.103722,10783400
7/15/2019,115.540001,115.57,113.529999,113.900002,100.863976,12946600
7/16/2019,113.480003,115.5,112.919998,115.120003,101.944321,16945000
7/17/2019,114.43,114.940002,113.730003,113.989998,100.943657,13120900
7/18/2019,113.93,115.07,113.550003,114.669998,101.54583,9397200
7/19/2019,114.889999,115.120003,113.400002,113.540001,100.545166,10402800
7/22/2019,112.910004,114.449997,112.769997,114.269997,101.191612,9061100
7/23/2019,114.879997,116.449997,114.82,116.360001,103.042412,12752200
7/24/2019,115.580002,116.879997,115.519997,116.830002,103.458618,10011000
7/25/2019,116.889999,117.239998,115.32,115.709999,102.466805,10138400
7/26/2019,115.769997,116.510002,115.529999,116.220001,102.918442,12800400
7/29/2019,116.459999,117.18,115.790001,115.849998,102.590782,8500400
7/30/2019,115.190002,116.080002,114.760002,115.589996,102.360542,7121100
7/31/2019,116.099998,116.18,114.860001,116,102.723618,13648000
8/1/2019,115.330002,116.800003,112.599998,112.940002,100.013847,15664500
8/2/2019,112.400002,113.43,111.400002,112.93,100.004967,11025500
8/5/2019,110.790001,110.980003,108.269997,109.57,97.029533,15855300
8/6/2019,110.050003,110.5,108.339996,110.43,97.791115,10203500
8/7/2019,108,108.279999,105.940002,108.029999,95.665802,17320900
8/8/2019,109.050003,110.080002,108.720001,109.860001,97.286346,10903300
8/9/2019,109.349998,110.449997,108.290001,109.739998,97.180084,9980800
8/12/2019,108.440002,108.510002,107.209999,107.68,95.355865,9393700
8/13/2019,107.949997,110.330002,107.029999,109.339996,96.825851,12124700
8/14/2019,106.300003,106.910004,104.449997,104.800003,92.805473,19491800
8/15/2019,104.82,106.379997,104.339996,105.199997,93.159683,13365600
8/16/2019,106.370003,107.980003,105.870003,107.720001,95.391289,11830600
8/19/2019,109.629997,109.75,108.419998,108.690002,96.250259,8265400
8/20/2019,107.849998,108.440002,107.239998,107.309998,95.028198,8374000
8/21/2019,108.209999,108.43,107.449997,107.610001,95.293869,8189300
8/22/2019,108.370003,109.269997,107.93,108.720001,96.276833,9343400
8/23/2019,108,108.779999,105.110001,106.019997,93.885841,14762300
8/26/2019,106.620003,106.989998,106.010002,106.870003,94.638557,8209500
8/27/2019,107.349998,107.559998,104.839996,105.739998,93.637878,14331800
8/28/2019,105.080002,107.209999,105.040001,106.800003,94.576584,10585500
8/29/2019,108.139999,109.889999,108.019997,109.220001,96.719604,10002200
8/30/2019,109.839996,110.559998,109.470001,109.860001,97.286346,10170300
9/3/2019,108.980003,108.989998,107.32,108.559998,96.135124,9868800
9/4/2019,109.449997,110.220001,108.559998,109.870003,97.295197,6929200
9/5/2019,111.25,113.720001,111.199997,112.370003,99.509071,13224700
9/6/2019,112.660004,112.980003,111.959999,112.610001,99.721619,7836600
9/9/2019,113.709999,116.059998,113.599998,115.400002,102.192291,13985100
9/10/2019,116.300003,117.269997,115.730003,116.870003,103.494034,14333100
9/11/2019,116.889999,117.199997,115.379997,117.190002,103.777412,9919200
9/12/2019,116.550003,118.470001,115.919998,117.910004,104.415009,12283500
9/13/2019,119,120.400002,118.75,120.230003,106.469467,16257200
9/16/2019,118.900002,119.870003,118.379997,119.160004,105.52195,11993900
9/17/2019,118.419998,118.610001,117.239998,118.57,104.999474,10735400
9/18/2019,118.32,120.080002,117.75,119.760002,106.053284,10665600
9/19/2019,119.699997,120.339996,119.089996,119.379997,105.716751,9382600
9/20/2019,119.739998,120.339996,118.870003,118.900002,105.291695,21862800
9/23/2019,117.779999,119.120003,117.68,118.879997,105.274002,9135100
9/24/2019,118.75,119.260002,117.040001,117.330002,103.901382,11696500
9/25/2019,117.269997,118.360001,117.120003,118,104.494705,9389400
9/26/2019,117.879997,118.050003,116.949997,117.029999,103.635719,9899200
9/27/2019,117.959999,118.639999,117.279999,117.720001,104.246758,10207800
9/30/2019,118.360001,118.769997,117.220001,117.690002,104.220192,9755000
10/1/2019,118.400002,119,115.410004,115.550003,102.325127,11250300
10/2/2019,114.809998,114.900002,112.93,113.25,100.288361,12548700
10/3/2019,112.269997,112.910004,110.519997,112.190002,100.145523,12735200
10/4/2019,112.339996,114.940002,112.269997,114.620003,102.314667,9453100
10/7/2019,114.190002,115.5,114.07,114.370003,102.091484,6771600
10/8/2019,113.059998,113.059998,111.660004,111.82,99.815262,10806300
10/9/2019,112.669998,113.160004,112.07,112.629997,100.538292,7273700
10/10/2019,113.139999,115.400002,113,114.209999,101.948677,10994100
10/11/2019,116.029999,117.989998,115.870003,116.139999,103.671486,15076500
10/14/2019,115.849998,116.870003,115.660004,116.449997,103.948189,8779000
10/15/2019,118.849998,121.589996,117.870003,119.959999,107.08136,23379000
10/16/2019,119.959999,120.620003,119.379997,119.68,106.831421,11087700
10/17/2019,120.75,121.57,119.879997,120.349998,107.429489,10818500
10/18/2019,120,121.019997,119.860001,120.559998,107.616943,10417400
10/21/2019,122.050003,123.769997,121.989998,123.550003,110.285942,12714600
10/22/2019,123.449997,125.099998,123.120003,124.790001,111.39283,12549100
10/23/2019,124.199997,125.150002,124.169998,125.120003,111.687416,8828300
10/24/2019,125.290001,125.660004,124.07,125.029999,111.607063,8020500
10/25/2019,125,126.650002,124.75,126.029999,112.499718,9055700
10/28/2019,126.57,127.209999,126.400002,126.510002,112.928177,9522200
10/29/2019,126.059998,127.419998,125.940002,126.43,112.856773,9797300
10/30/2019,126.050003,126.260002,124.919998,125.730003,112.231926,8513700
10/31/2019,125.489998,125.730003,123.860001,124.919998,111.508873,11589100
11/1/2019,126.199997,127.989998,126.019997,127.800003,114.079674,11682600
11/4/2019,129.080002,129.419998,128.559998,128.820007,114.990181,9159900
11/5/2019,129.389999,130.300003,128.839996,129.100006,115.240112,13747600
11/6/2019,128.690002,129.839996,128.580002,129.300003,115.41864,11231100
11/7/2019,130.429993,131.289993,129.919998,130,116.043495,13528900
11/8/2019,129.880005,130.399994,129.25,130.380005,116.38269,9293400
11/11/2019,129.600006,130.100006,129.350006,129.919998,115.972084,8679000
11/12/2019,129.630005,130.619995,129.009995,129.160004,115.293671,9099000
11/13/2019,128.130005,128.820007,127.419998,128.479996,114.686661,8023300
11/14/2019,127.720001,128.839996,127.589996,128.600006,114.793793,8483400
11/15/2019,129.229996,129.529999,128.399994,129.529999,115.623962,10163600
11/18/2019,129.559998,130.649994,128.990005,130.619995,116.596931,8749300
11/19/2019,130.990005,131.25,130.179993,130.580002,116.561218,8824500
11/20/2019,130.300003,130.619995,128.940002,129.630005,115.713226,11782800
11/21/2019,130,130.720001,129.389999,129.929993,115.98101,7705500
11/22/2019,130.149994,131.220001,130.100006,130.789993,116.74868,8167900
11/25/2019,131.25,132.070007,130.869995,131.490005,117.373535,10068500
11/26/2019,131.820007,131.820007,130.360001,131.669998,117.534195,10490700
11/27/2019,132.289993,132.429993,131.649994,132.059998,117.882339,6607900
11/29/2019,131.869995,132.410004,131.449997,131.759995,117.61454,5712000
12/2/2019,132.309998,132.740005,131.350006,131.470001,117.355682,8615600
12/3/2019,129.770004,129.960007,128.589996,129.779999,115.847099,10361300
12/4/2019,130.380005,132.470001,129.990005,132.339996,118.132278,10318200
12/5/2019,132.679993,133.309998,132.179993,133.059998,118.774963,9587400
12/6/2019,134.690002,135.779999,134.649994,135.039993,120.542397,10170600
12/9/2019,134.630005,135.460007,134.410004,134.410004,119.980042,8498200
12/10/2019,133.25,134.770004,132.880005,134.5,120.060394,7532900
12/11/2019,134.289993,135.020004,134.009995,134.179993,119.774742,9011900
12/12/2019,134.490005,138.470001,134.210007,138.020004,123.202477,13717400
12/13/2019,137.949997,138.830002,136.220001,136.809998,122.122383,10592100
12/16/2019,138.380005,138.839996,137.320007,137.339996,122.595482,11372000
12/17/2019,137.729996,138.669998,137.229996,138.179993,123.345291,11546800
12/18/2019,138.149994,139.020004,137.720001,138.039993,123.220337,10381500
12/19/2019,137.759995,138.220001,137.100006,137.350006,122.604401,9350400
12/20/2019,138.020004,138.880005,136.899994,137.240005,122.506218,29992600
12/23/2019,137.600006,137.910004,136.880005,137.199997,122.47052,9738400
12/24/2019,137.330002,137.630005,137.059998,137.580002,122.809723,3324300
12/26/2019,137.889999,139.100006,137.779999,139.039993,124.112999,6770900
12/27/2019,139.300003,139.770004,138.669998,139.139999,124.202248,7868200
12/30/2019,139.899994,140.080002,138.470001,138.630005,123.746994,6963000
12/31/2019,138.509995,139.479996,138.289993,139.399994,124.434326,7201600
1/2/2020,139.789993,141.100006,139.259995,141.089996,125.942886,10803700
1/3/2020,137.5,139.229996,137.080002,138.339996,124.280891,10386800
1/6/2020,136.559998,138.270004,136.5,138.229996,124.182068,10259000
1/7/2020,137.279999,137.860001,135.820007,135.880005,122.070908,10531300
1/8/2020,135.699997,137.580002,135.600006,136.940002,123.023163,9695300
1/9/2020,138.050003,138.229996,137.039993,137.440002,123.472382,9469000
1/10/2020,137.210007,137.25,135.809998,136.070007,122.241585,10190900
1/13/2020,136.190002,137.199997,135.759995,137.199997,123.256783,12355200
1/14/2020,137.940002,140.759995,137.690002,138.800003,124.694153,24906000
1/15/2020,137.850006,138.600006,136.149994,136.720001,122.825546,16293400
1/16/2020,137.449997,137.899994,136.839996,137.25,123.301659,10783800
1/17/2020,137.539993,138.289993,137.320007,138.199997,124.155128,14697700
1/21/2020,137.190002,138.070007,136.690002,136.839996,122.933342,8474200
1/22/2020,137.240005,137.399994,136.380005,136.679993,122.789612,7549100
1/23/2020,135.710007,136.740005,134.720001,136.539993,122.663818,9345700
1/24/2020,136.369995,136.429993,132.320007,133.149994,119.618317,15166400
1/27/2020,130.270004,132.940002,129.710007,132.029999,118.612152,12860500
1/28/2020,132.839996,134.970001,132.479996,134.429993,120.768257,13062800
1/29/2020,134.809998,135.539993,133.690002,134.229996,120.588593,9326000
1/30/2020,132.690002,136.130005,132.690002,135.889999,122.079872,9048900
1/31/2020,134.490005,134.830002,131.470001,132.360001,118.908615,12785200
2/3/2020,132.660004,134.240005,132.660004,133.369995,119.815971,10021100
2/4/2020,135.550003,136.600006,135.080002,135.289993,121.540855,9157100
2/5/2020,136.570007,137.729996,136.009995,137.589996,123.607117,10150700
2/6/2020,138.240005,138.289993,137.110001,137.610001,123.625099,8992300
2/7/2020,136.729996,137.669998,136.300003,137.169998,123.229805,6379800
2/10/2020,136.949997,137.850006,136.75,137.740005,123.741875,5960700
2/11/2020,138.259995,138.820007,137.779999,138,123.975456,6578600
2/12/2020,138.600006,139.289993,137.800003,138,123.975456,7958000
2/13/2020,137.75,138.339996,136.399994,137.880005,123.867645,7447500
2/14/2020,137.839996,138.190002,136.940002,137.460007,123.490318,6627600
2/18/2020,137.339996,137.710007,135.050003,135.639999,121.855301,8996400
2/19/2020,136.910004,138.389999,136.339996,137.490005,123.517281,7071200
2/20/2020,137.169998,138.360001,136.529999,137.490005,123.517281,7422800
2/21/2020,136.550003,136.919998,134.919998,135.809998,122.008018,9772800
2/24/2020,131.440002,133.199997,130.800003,132.160004,118.728966,13618400
2/25/2020,131,132.229996,125.589996,126.260002,113.428566,20797200
2/26/2020,126.93,128.949997,126.339996,126.639999,113.769936,24825600
2/27/2020,122.910004,125.620003,121.300003,121.370003,109.035522,23005500
2/28/2020,117.519997,118.489998,112.660004,116.110001,104.310081,45931400
3/2/2020,116.629997,121.580002,114.459999,121.519997,109.170265,27355400
3/3/2020,120.970001,122.949997,116.239998,116.959999,105.073677,32547700
3/4/2020,118.330002,120.190002,114.699997,119.849998,107.669983,25795900
3/5/2020,115.669998,116.43,112.580002,113.970001,102.387558,25025600
3/6/2020,106.260002,110.32,105.019997,108.080002,97.096123,38159400
3/9/2020,96.57,99.230003,93,93.440002,83.94397,40352000
3/10/2020,99,101.279999,94.580002,100.699997,90.466156,31102700
3/11/2020,97.699997,100.050003,94.550003,95.959999,86.207863,38127000
3/12/2020,89.589996,96.959999,86.32,88.050003,79.101738,49725200
3/13/2020,95.989998,103.989998,92,103.910004,93.34993,38543300
3/16/2020,85.199997,93.980003,84.550003,88.360001,79.380234,38589700
3/17/2020,90.889999,97.440002,87.5,93.760002,84.231438,35239800
3/18/2020,87.669998,90.790001,80.360001,83.889999,75.364502,41525600
3/19/2020,81.559998,88.110001,76.910004,85.300003,76.631195,32175100
3/20/2020,86.300003,89.459999,82.480003,83.5,75.014137,30150800
3/23/2020,82.68,83.75,78.089996,79.029999,70.998398,32536600
3/24/2020,84.900002,90.099998,82.900002,88.43,79.443108,34363200
3/25/2020,89.239998,95.150002,84.540001,91.730003,82.407753,38111700
3/26/2020,94.080002,98.57,93.540001,98.120003,88.148346,29826300
3/27/2020,93.190002,94.839996,90.550003,91.129997,81.868713,30041500
3/30/2020,90.650002,94.089996,89.300003,93.5,83.997856,21656900
3/31/2020,92.050003,94.169998,89.339996,90.029999,80.880516,23379300
4/1/2020,85.099998,86.559998,83.25,84.360001,75.786728,28029600
4/2/2020,83.510002,87.910004,82.959999,87.510002,78.6166,24018000
4/3/2020,86,87.480003,82.769997,84.050003,76.292877,21199400
4/6/2020,88.989998,90.989998,87.699997,89.459999,81.203583,26820800
4/7/2020,94.449997,94.5,90.379997,90.639999,82.274666,22563800
4/8/2020,92.099998,94.860001,90.550003,94.300003,85.596893,22903300
4/9/2020,96.919998,104.389999,96.889999,102.760002,93.276085,42055900
4/13/2020,103.110001,103.110001,97.300003,98.190002,89.127869,26911900
4/14/2020,101.019997,102,93.639999,95.5,86.686127,46151300
4/15/2020,91.150002,92.029999,90.129997,90.790001,82.41082,30118600
4/16/2020,90.230003,90.57,87.050003,87.330002,79.270157,32449600
4/17/2020,92,95.699997,90.959999,95.18,86.395676,30191900
4/20/2020,92.470001,94.709999,90.459999,91.709999,83.245926,23679400
4/21/2020,88.620003,91.379997,88.330002,89.050003,80.831429,23035000
4/22/2020,90.690002,91.870003,89.18,89.339996,81.09465,16662400
4/23/2020,89.739998,91.279999,89.260002,89.389999,81.140038,16638800
4/24/2020,90.639999,91.099998,88.489998,90.709999,82.338219,15809200
4/27/2020,91.940002,95.629997,91.540001,94.620003,85.887352,22870200
4/28/2020,97.809998,98.360001,95.029999,95.290001,86.495514,20238900
4/29/2020,99.080002,99.449997,97.269997,97.860001,88.828316,20462600
4/30/2020,95.599998,96.839996,94.550003,95.760002,86.922142,19127600
5/1/2020,93.5,93.739998,91.839996,93.25,84.643791,18547700
5/4/2020,92.019997,92.669998,90.800003,92.139999,83.636238,15725900
5/5/2020,93.650002,94.209999,91.900002,92,83.509155,18064100
5/6/2020,92.160004,92.760002,89.93,90.269997,81.938828,20978000
5/7/2020,91.339996,92.910004,90.580002,91.209999,82.792076,16771900
5/8/2020,92.800003,94.080002,92.110001,92.699997,84.144554,20487800
5/11/2020,91.110001,91.110001,89.330002,89.970001,81.666504,31907600
5/12/2020,90.150002,90.790001,86.900002,87.029999,78.997849,27962900
5/13/2020,86.379997,86.860001,83.400002,84.029999,76.274727,35451600
5/14/2020,82.720001,88.110001,82.400002,87.519997,79.442627,35152500
5/15/2020,86.849998,87.279999,85.300003,85.900002,77.972122,26099000
5/18/2020,88.690002,91.150002,87.879997,90.449997,82.102211,30504400
5/19/2020,90.050003,91.199997,88.589996,88.669998,80.486488,19597300
5/20/2020,90.709999,92.389999,90.370003,91.330002,82.901001,20552400
5/21/2020,90.269997,91.760002,89.669998,90.169998,81.848045,14621400
5/22/2020,90.010002,90.360001,88.720001,89.470001,81.212646,13557900
5/26/2020,92.889999,97.5,92.610001,95.82,86.976601,41233900
5/27/2020,102.07,102.580002,98.800003,101.370003,92.014397,39402000
5/28/2020,102.940002,102.949997,99.400002,99.860001,90.643745,24713900
5/29/2020,98.660004,99.18,96.779999,97.309998,88.329094,26526400
6/1/2020,97.75,99.510002,97.379997,98.599998,89.500031,15176800
6/2/2020,100.279999,100.419998,97.93,98.93,89.799568,21195000
6/3/2020,101.580002,104.919998,101.059998,104.269997,94.646736,25941100
6/4/2020,103.82,106.610001,102.790001,106.440002,96.61647,26784700
6/5/2020,114.93,115.769997,109.529999,111.230003,100.964401,42231000
6/8/2020,113.410004,114.190002,111.940002,113.449997,102.979492,24881800
6/9/2020,110.650002,111.629997,109.010002,110.540001,100.338066,17031100
6/10/2020,110.459999,110.510002,105.849998,106.059998,96.271545,24913300
6/11/2020,100.029999,101.580002,96.540001,97.209999,88.238312,36259200
6/12/2020,100.709999,101.129997,97.330002,99.870003,90.652824,24856800
6/15/2020,96.419998,101.43,95.870003,101.25,91.905457,22153600
6/16/2020,105.370003,105.68,99.309998,102.059998,92.640701,22193600
6/17/2020,102.529999,102.540001,99.209999,99.480003,90.298836,15639800
6/18/2020,98.669998,100.519997,98.129997,98.940002,89.808655,16591900
6/19/2020,100.529999,100.599998,96.730003,97.809998,88.782928,40371200
6/22/2020,97.25,97.949997,96.540001,96.75,87.820778,16216900
6/23/2020,98.970001,99.970001,97.849998,97.93,88.891861,15381400
6/24/2020,96.75,96.839996,94.309998,94.660004,85.92366,22919800
6/25/2020,94.349998,98.209999,94.260002,97.959999,88.919098,25743600
6/26/2020,95.110001,95.370003,92,92.589996,84.044693,41896300
6/29/2020,93.400002,94.489998,92.18,93,84.41687,18499700
6/30/2020,92.830002,94.660004,92.57,94.059998,85.379028,19137000
7/1/2020,94.889999,95.709999,93.029999,93.260002,84.65287,18755700
7/2/2020,94.739998,94.959999,91.93,92.660004,84.927841,27845600
7/6/2020,94.43,95.199997,93.480003,95,87.072563,18625300
7/7/2020,93.82,94.099998,92,92.32,84.616226,25757200
7/8/2020,92.290001,93.339996,91.800003,93.300003,85.514427,18762200
7/9/2020,93.519997,94.120003,90.779999,91.279999,83.662979,25600800
7/10/2020,92,96.839996,91.870003,96.269997,88.23658,28954200
7/13/2020,98.730003,99.269997,96.230003,97.650002,89.501434,32079200
7/14/2020,98.370003,99.949997,96.639999,98.209999,90.014709,42731700
7/15/2020,100.889999,101.290001,98.650002,99.730003,91.407867,22508400
7/16/2020,98.779999,101.220001,98.550003,100.010002,91.66452,16886900
7/17/2020,100,100.080002,98.139999,98.160004,89.96888,16137700
7/20/2020,97.43,98.389999,97.260002,97.300003,89.180656,14458100
7/21/2020,97.709999,100.050003,97.639999,99.410004,91.114578,17798100
7/22/2020,99.650002,100.129997,97.529999,98.690002,90.454659,14271200
7/23/2020,98.5,99.349998,97.970001,98.980003,90.720459,12870200
7/24/2020,99.599998,99.800003,97.940002,98.279999,90.078865,12744200
7/27/2020,97.510002,97.629997,96.169998,96.900002,88.814011,11959100
7/28/2020,96.5,97.889999,96.5,97.32,89.198967,11754300
7/29/2020,97.07,99.709999,97,99.68,91.362038,12743500
7/30/2020,97.540001,97.739998,96.050003,97.019997,88.924004,14834800
7/31/2020,96.480003,96.93,95.25,96.639999,88.575722,14535000
8/3/2020,97.019997,97.57,95.849998,96.099998,88.08078,12962800
8/4/2020,95.910004,95.949997,95.029999,95.550003,87.576668,13366200
8/5/2020,95.870003,98.470001,95.720001,97.209999,89.098152,15260900
8/6/2020,97.580002,98.099998,96.540001,97.239998,89.125648,10482100
8/7/2020,96.93,99.489998,96.559998,99.379997,91.087082,14743700
8/10/2020,100.110001,102.040001,100.029999,100.639999,92.241936,14989900
8/11/2020,103.860001,106.160004,103.510002,103.82,95.15657,31518600
8/12/2020,106.160004,106.43,101.709999,102.940002,94.350006,19240800
8/13/2020,102,103.360001,101.639999,102.370003,93.827576,13598600
8/14/2020,101.5,103.309998,101.419998,102.410004,93.864235,12134400
8/17/2020,101.5,102,99.529999,99.709999,91.389542,14988000
8/18/2020,99.910004,99.910004,98.120003,98.32,90.11554,13246500
8/19/2020,98.919998,100.589996,98.339996,98.550003,90.326332,13533000
8/20/2020,97.260002,98.029999,96.800003,97.370003,89.244804,13672600
8/21/2020,97.269997,98.57,96.940002,97.32,89.198967,12228300
8/24/2020,98.449997,100.209999,97.419998,100.059998,91.71032,17898300
8/25/2020,101.269997,101.980003,99.800003,100.5,92.113617,13648900
8/26/2020,99.940002,100.269997,99.050003,99.089996,90.821274,12052400
8/27/2020,99,102.650002,99,102.349998,93.80925,22163900
8/28/2020,103.139999,103.25,101.809998,102.769997,94.194183,13756700
8/31/2020,102.120003,102.18,100.019997,100.190002,91.829491,14219400
9/1/2020,99.550003,100.870003,99.040001,100.139999,91.783661,11595600
9/2/2020,99.949997,101.940002,99.559998,101.650002,93.167648,14475700
9/3/2020,103.32,104.989998,100.639999,101.330002,92.874374,23281200
9/4/2020,104.050003,105.209999,101.370003,103.519997,94.881599,26325500
9/8/2020,102.980003,103.57,99.480003,99.919998,91.582016,22108600
9/9/2020,100.800003,101.690002,99.559998,100.870003,92.452736,13434000
9/10/2020,101.400002,102.419998,99.639999,99.830002,91.499527,15922800
9/11/2020,99.970001,101.360001,99.589996,101.07,92.636055,13784300
9/14/2020,101.510002,103.459999,101.370003,102.470001,93.919228,19017400
9/15/2020,102.730003,102.849998,99.139999,99.279999,90.995415,23683000
9/16/2020,99.43,101.129997,98.760002,99.699997,91.380371,19270600
9/17/2020,98.699997,99.339996,97.709999,98.559998,90.335503,18290100
9/18/2020,97.889999,99.489998,97.440002,98.349998,90.143028,20121600
9/21/2020,95.199997,96.050003,93.82,95.309998,87.356705,28378800
9/22/2020,94.959999,95.660004,93.669998,94.269997,86.403481,19257000
9/23/2020,94.779999,95.349998,92.660004,92.739998,85.001167,19952700
9/24/2020,92.32,94.300003,91.379997,92.660004,84.927841,18366500
9/25/2020,92.050003,93.720001,91.870003,93.470001,85.67025,13293100
9/28/2020,95.059998,96.93,94.349998,96.160004,88.135773,20894100
9/29/2020,96.029999,96.029999,94.330002,95.349998,87.393356,12848200
9/30/2020,95.349998,97.199997,95.260002,96.269997,88.23658,16400600
10/1/2020,97.120003,97.769997,96.029999,96.970001,88.878189,15778700
10/2/2020,95.25,98.589996,95.089996,97.889999,89.721405,15149600
10/5/2020,98.32,99.25,97.529999,99.040001,91.617775,13871900
10/6/2020,100.07,100.860001,97.510002,98.019997,90.674225,19220400
10/7/2020,98.959999,100.349998,98.669998,99.730003,92.256081,16358500
10/8/2020,100.510002,101.919998,99.900002,101.779999,94.152435,15659000
10/9/2020,102,102.110001,100.110001,101.199997,93.615898,13689100
10/12/2020,101.099998,103,100.849998,102.440002,94.762985,16058000
10/13/2020,103,103.220001,100.260002,100.779999,93.227386,21697300
10/14/2020,101.029999,101.93,100.099998,100.220001,92.709351,15204100
10/15/2020,99.099998,101.779999,99.040001,101.720001,94.096947,17171200
10/16/2020,101.410004,102.330002,100.720001,101.510002,93.902687,13275000
10/19/2020,101.599998,101.870003,99.559998,99.800003,92.320816,11725700
10/20/2020,100.309998,101.769997,100.120003,100.370003,92.848114,11257100
10/21/2020,100.360001,100.989998,99.330002,99.370003,91.92305,10730500
10/22/2020,99.32,103.239998,99.309998,102.879997,95.170013,14837200
10/23/2020,103.5,104.449997,102.93,103.809998,96.030312,15087600
10/26/2020,102.650002,102.699997,100.25,101.239998,93.652908,12410700
10/27/2020,100.510002,100.919998,99.160004,99.330002,91.886055,10391700
10/28/2020,97.5,98.300003,96.07,96.540001,89.305138,16389500
10/29/2020,96.120003,97.980003,95.239998,97.169998,89.887947,14208800
10/30/2020,97.910004,98.419998,96.230003,98.040001,90.692734,15194500
11/2/2020,99.389999,100.879997,97.860001,100.25,92.737091,15011600
11/3/2020,103.019997,104.739998,102.690002,103.410004,95.660301,17482600
11/4/2020,101,102.07,98.93,100.25,92.737091,18886500
11/5/2020,101.059998,105.099998,101,104.349998,96.529846,17837400
11/6/2020,105.029999,105.099998,102.389999,102.959999,95.244011,12552800
11/9/2020,113.160004,118.900002,110.349998,116.900002,108.139313,47792400
11/10/2020,117.349998,117.449997,114.690002,116.519997,107.787796,20539300
11/11/2020,116.889999,116.959999,113.959999,114.779999,106.178207,14443400
11/12/2020,112.529999,113.959999,112.059998,113.370003,104.873871,22063000
11/13/2020,114.699997,114.860001,113.57,114.080002,105.530663,11847900
11/16/2020,117.790001,118.610001,115.730003,117.300003,108.509369,19858600
11/17/2020,115.389999,116.440002,114.580002,116.110001,107.408539,14553200
11/18/2020,117.339996,118.610001,115.199997,115.25,106.612976,12571200
11/19/2020,114.18,115.82,113.559998,115.559998,106.899742,10202500
11/20/2020,114.43,115.650002,114.089996,114.57,105.983932,12718900
11/23/2020,116.050003,118.169998,115.57,117.870003,109.036629,13209200
11/24/2020,120.07,123.5,119.709999,123.32,114.078194,20121600
11/25/2020,121.370003,122.379997,120.470001,122.029999,112.884872,11715600
11/27/2020,122,122.349998,121.080002,121.220001,112.135574,5983600
11/30/2020,120,120.720001,117.769997,117.879997,109.045876,14411800
12/1/2020,120.339996,121.580002,119.629997,119.739998,110.766495,12668900
12/2/2020,119.699997,122.309998,119.269997,122.040001,112.894127,10811300
12/3/2020,121.849998,121.889999,120.360001,121.239998,112.154083,12904400
12/4/2020,122.480003,123.290001,121.690002,122.339996,113.171646,13583700
12/7/2020,121.150002,122.169998,120.209999,121.879997,112.746109,9724300
12/8/2020,121.040001,122.330002,120.760002,122,112.857117,9592100
12/9/2020,123.169998,123.300003,120.440002,121.050003,111.978333,13073900
12/10/2020,119.989998,120.779999,119.559998,120.269997,111.256767,13668400
12/11/2020,118.940002,120.019997,118.370003,119.559998,110.599983,9981600
12/14/2020,121.339996,121.419998,118.110001,118.300003,109.43441,12112400
12/15/2020,119.290001,120.900002,118.620003,120.32,111.303032,12590200
12/16/2020,120.300003,121.080002,119.860001,120.669998,111.626785,11169400
12/17/2020,121.260002,121.449997,119.580002,119.669998,110.701744,11618000
12/18/2020,119.139999,119.879997,118.269997,119.080002,110.155952,28954800
12/21/2020,123.169998,125,121.089996,123.550003,114.290962,28323600
12/22/2020,123.389999,123.519997,121.610001,121.669998,112.551865,11788200
12/23/2020,122.779999,126.519997,122.349998,125.07,115.69706,14973200
12/24/2020,125.089996,125.550003,123.57,124.519997,115.188271,4164900
12/28/2020,125.82,126.650002,124.790001,125.339996,115.946815,8072600
12/29/2020,126.199997,126.279999,124.889999,125.010002,115.641548,8389200
12/30/2020,125.489998,125.849998,124.900002,125.360001,115.965324,7398000
12/31/2020,125.089996,127.330002,124.82,127.07,117.547173,8580200
1/4/2021,127.5,127.860001,124.779999,125.870003,116.437103,16819900
1/5/2021,124.989998,126.300003,123.769997,125.650002,117.070679,13731200
1/6/2021,129.880005,132.770004,127.879997,131.550003,122.567818,24909100
1/7/2021,135.690002,138.190002,134.919998,135.869995,126.592865,21940400
1/8/2021,135.970001,136.350006,134.119995,136.020004,126.732613,12035100
1/11/2021,134.580002,138.199997,134.110001,138.050003,128.624023,15937900
1/12/2021,139.440002,141.660004,138.830002,140.220001,130.645859,18033500
1/13/2021,138.589996,140.789993,138.100006,140.350006,130.766953,14816800
1/14/2021,140.490005,142.75,140,141.169998,131.53096,18565600
1/15/2021,137.429993,141.649994,137.009995,138.639999,129.173706,27881000
1/19/2021,139.860001,140.699997,137.820007,138.039993,128.614685,19843800
1/20/2021,137.820007,138.169998,135.440002,135.970001,126.686005,16028800
1/21/2021,135.690002,136.160004,134.320007,134.830002,125.623856,13411700
1/22/2021,132.690002,134.399994,132.199997,133.789993,124.654884,12933200
1/25/2021,132.139999,133.169998,130.059998,132.119995,123.0989,14212800
1/26/2021,132.75,133.169998,131.339996,131.580002,122.595787,11307800
1/27/2021,129.589996,129.850006,127.349998,127.860001,119.129768,17603900
1/28/2021,129.899994,132.169998,128.990005,130.110001,121.226158,13761800
1/29/2021,131.190002,131.720001,128.190002,128.669998,119.884468,14808100
2/1/2021,129.399994,130.070007,128.479996,129.619995,120.769608,11080700
2/2/2021,131.940002,134.389999,131.220001,133.610001,124.487167,12253600
2/3/2021,133.649994,135.759995,133.509995,135.139999,125.912704,10600800
2/4/2021,135.470001,138.660004,135.470001,138.25,128.810349,12419500
2/5/2021,139.389999,139.490005,137.380005,137.979996,128.558762,10051300
2/8/2021,138.199997,140.300003,138.179993,140.139999,130.571304,10136400
2/9/2021,139.429993,139.979996,138.539993,139.580002,130.04953,8614800
2/10/2021,140,140.869995,139.039993,139.660004,130.124069,10323200
2/11/2021,139.660004,140.550003,138.220001,139.270004,129.760696,9201000
2/12/2021,139.050003,141.610001,139,141.25,131.605515,8324600
2/16/2021,143.550003,145.320007,142.399994,144.649994,134.773376,12130600
2/17/2021,143.949997,145.380005,143.119995,145.100006,135.192642,10810100
2/18/2021,144,145.789993,143.399994,145.589996,135.649185,10587800
2/19/2021,145.860001,148.839996,145.860001,148.020004,137.913254,11969800
2/22/2021,146.869995,150.190002,146.789993,149.410004,139.208359,11488400
2/23/2021,151.509995,152.309998,149.589996,150.610001,140.326401,16234400
2/24/2021,150.110001,153.759995,150.110001,153.259995,142.795471,15061400
2/25/2021,154.270004,154.899994,150.589996,151.179993,140.857498,18127700
2/26/2021,150.300003,150.869995,146.509995,147.169998,137.121277,19829200
3/1/2021,149.520004,151.380005,148.479996,150.5,140.223907,14845500
3/2/2021,150.080002,151.779999,149.839996,150.009995,139.767365,14221700
3/3/2021,151.229996,154.979996,150.820007,152.910004,142.469345,14324100
3/4/2021,152.610001,154.380005,148.619995,150.559998,140.279831,20093900
3/5/2021,153.220001,153.490005,147.970001,150.910004,140.605942,18465100
3/8/2021,152.470001,155.460007,150.75,152.910004,142.469345,17133300
3/9/2021,151.5,154.25,149.820007,151.830002,141.463104,16238800
3/10/2021,151.910004,156.160004,151.509995,155.130005,144.537796,14342200
3/11/2021,154.110001,156.149994,153.360001,154.320007,143.783096,11771500
3/12/2021,156.860001,157.630005,155.070007,156.149994,145.488129,12849500
3/15/2021,156.350006,156.919998,153.960007,155.369995,144.761398,12101100
3/16/2021,154.089996,154.600006,152.190002,153.509995,143.028397,12805600
3/17/2021,155.339996,156.880005,153.050003,155.089996,144.500534,13952400
3/18/2021,157.600006,161.690002,157.110001,157.649994,146.885696,21898500
3/19/2021,155.509995,155.940002,151.190002,155.139999,144.547104,54418800
3/22/2021,152.800003,153.970001,150.610001,150.970001,140.661819,19944800
3/23/2021,150.330002,152.119995,148.960007,149.460007,139.254929,17076300
3/24/2021,150,153.179993,149.860001,150.619995,140.335709,13079800
3/25/2021,150,152.970001,149.330002,152.550003,142.133972,15608300
3/26/2021,154.300003,155.449997,152.550003,155.089996,144.500534,16754400
3/29/2021,152.119995,153.729996,151.039993,152.679993,142.255051,17570300
3/30/2021,154.460007,155.869995,153.880005,154.479996,143.932159,13184300
3/31/2021,153.279999,154.490005,152.119995,152.229996,141.835785,16736700
4/1/2021,151.899994,153.789993,151.550003,153.710007,143.214752,16561500
4/5/2021,154.399994,154.940002,152.600006,153.619995,143.973877,13508000
4/6/2021,152.789993,154.279999,151.860001,152.539993,142.9617,13071600
4/7/2021,153.100006,155.229996,152.649994,154.929993,145.20163,16903500
4/8/2021,154,155.509995,152.309998,155.119995,145.3797,12335500
4/9/2021,155.809998,157.039993,154.970001,156.279999,146.466858,12122400
4/12/2021,155.580002,157.25,155.570007,155.949997,146.157562,12273400
4/13/2021,154.75,155.199997,152.429993,154.089996,144.414368,16113600
4/14/2021,151.470001,153.830002,150.929993,151.210007,141.71521,19939600
4/15/2021,151.25,152.199997,149.320007,152.169998,142.614929,17694100
4/16/2021,153.869995,154.509995,152.690002,153.300003,143.673981,13773400
4/19/2021,153.419998,153.880005,152.220001,152.649994,143.064789,11900200
4/20/2021,151.740005,151.75,148.649994,149.270004,139.897049,13716700
4/21/2021,147.789993,150.610001,146.789993,150.539993,141.087296,12236700
4/22/2021,150.229996,150.300003,147.259995,147.369995,138.116318,15256100
4/23/2021,147.179993,151.130005,146.690002,150.190002,140.759262,14041900
4/26/2021,150.779999,152.460007,150.380005,150.559998,141.106018,10799100
4/27/2021,150.5,151.570007,150.110001,151.25,141.752701,12821200
4/28/2021,152.429993,152.889999,151.399994,152.229996,142.671173,8943700
4/29/2021,153.539993,155.279999,153.199997,155.190002,145.445313,12976900
4/30/2021,154.100006,154.490005,153.009995,153.809998,144.151962,11705100
5/3/2021,154.850006,155.479996,153.130005,153.360001,143.73024,11801100
5/4/2021,152.869995,155.639999,152.139999,155.479996,145.717102,12977700
5/5/2021,156,158.279999,154.630005,157.520004,147.628983,10506700
5/6/2021,158.070007,160.820007,157.160004,160.690002,150.59996,13542400
5/7/2021,157.220001,161.5,157.020004,161.240005,151.115417,14257800
5/10/2021,161.5,163.729996,161.119995,161.220001,151.096695,14014300
5/11/2021,161.080002,162.389999,158.039993,158.539993,148.584946,15451700
5/12/2021,159.610001,160.779999,157.029999,157.449997,147.56337,14381700
5/13/2021,158.179993,162.449997,157.679993,161.5,151.3591,15395000
5/14/2021,162.389999,164.449997,161.990005,164.009995,153.711472,10584000
5/17/2021,163.369995,164.850006,163.029999,164.669998,154.330032,9886800
5/18/2021,164.679993,165.5,162.240005,162.350006,152.155716,11098100
5/19/2021,161,161.179993,158.639999,161.110001,150.993576,13278900
5/20/2021,160.830002,161.860001,159.520004,160.830002,150.731186,10426000
5/21/2021,161.339996,163.220001,160.940002,162.660004,152.446259,10249000
5/24/2021,163.360001,164.229996,162.119995,163.539993,153.270996,9440300
5/25/2021,163.850006,165.699997,161.559998,161.850006,151.687103,12609100
5/26/2021,163.570007,163.740005,161.309998,161.830002,151.66835,13058300
5/27/2021,163.949997,164.75,162.570007,164.350006,154.030136,15707500
5/28/2021,164.679993,164.940002,163.259995,164.240005,153.927048,10291300
6/1/2021,165.869995,166.910004,165.479996,166.050003,155.623383,9445400
6/2/2021,167.259995,167.440002,165.529999,166.059998,155.632767,10498600
6/3/2021,165.410004,167.25,164.660004,166.169998,155.73584,13354400
6/4/2021,166.210007,166.669998,165.029999,166.440002,155.988892,8510800
6/7/2021,167,167.100006,165.139999,165.660004,155.257874,7267200
6/8/2021,164.490005,165.759995,163.160004,165,154.639313,10370700
6/9/2021,164.139999,164.220001,162.279999,162.940002,152.708649,12377400
6/10/2021,164.360001,165.240005,160.309998,160.399994,150.32814,12119400
6/11/2021,160.429993,161.199997,159.059998,160.289993,150.225067,13683800
6/14/2021,160.149994,160.330002,156.660004,157.570007,147.675842,19917900
6/15/2021,156.699997,156.919998,154.130005,155.179993,145.435928,24485500
6/16/2021,154.729996,157.619995,153.110001,156.270004,146.457489,25321200
6/17/2021,157.100006,157.460007,151.25,151.759995,142.230667,29722400
6/18/2021,149.300003,149.699997,147.559998,147.919998,138.631805,43595700
6/21/2021,149.080002,151.199997,149.020004,150.429993,140.984192,18664800
6/22/2021,150.600006,150.970001,148.660004,150.210007,140.778,14251200
6/23/2021,150.199997,152.039993,150.089996,151.119995,141.630859,12733300
6/24/2021,151.919998,153.119995,151.220001,152.509995,142.933578,13733200
6/25/2021,152.589996,154.5,151.669998,154.050003,144.376907,15484900
6/28/2021,153.699997,154.479996,152.119995,154.330002,144.639313,14125800
6/29/2021,155,156.309998,153.610001,154.139999,144.461243,14528700
6/30/2021,153.75,156.080002,153.710007,155.539993,145.773331,12531000
7/1/2021,156.259995,157.139999,155.419998,157.080002,147.216614,10479400
7/2/2021,155.949997,156.320007,155.119995,156.029999,147.075226,11424000
7/6/2021,155.779999,155.779999,152.350006,153.410004,144.605621,15083400
7/7/2021,152.009995,154.279999,151.550003,153.589996,144.775269,12271800
7/8/2021,151.610001,152.529999,150.039993,150.940002,142.277359,17834600
7/9/2021,153.050003,156.149994,152.580002,155.770004,146.830154,13694500
7/12/2021,154.350006,159.160004,153.940002,158,148.93219,19940400
7/13/2021,156.050003,157.389999,153.5,155.649994,146.717026,22671700
7/14/2021,155.949997,157.279999,152.949997,155.119995,146.217453,14622800
7/15/2021,153.899994,156.529999,153.699997,155.460007,146.537933,11539300
7/16/2021,155.960007,156.279999,151.020004,151.910004,143.191681,14002700
7/19/2021,148.550003,149.820007,145.710007,146.970001,138.535202,22172900
7/20/2021,146.520004,151.119995,146.330002,149.710007,141.11795,15385200
7/21/2021,152.050003,153.649994,151.360001,152.860001,144.087173,12356700
7/22/2021,152.880005,153.440002,149.970001,150.929993,142.267914,9913300
7/23/2021,151.479996,152.839996,150.25,150.639999,141.994583,9666100
7/26/2021,150.190002,151.960007,150.169998,151.649994,142.946594,8208000
7/27/2021,150.399994,152.490005,149.800003,151.449997,142.758072,11218700
7/28/2021,152.289993,152.770004,150.880005,151.699997,142.993713,9217300
7/29/2021,153.139999,153.869995,151.910004,153,144.219116,9063500
7/30/2021,152.580002,153.669998,151.199997,151.779999,143.069138,9805200
8/2/2021,152.029999,154.449997,151.070007,151.169998,142.494141,10203200
8/3/2021,151.949997,153.320007,149.520004,152.889999,144.115433,10394800
8/4/2021,151.25,153.369995,150.910004,151.240005,142.56015,10155000
8/5/2021,152.279999,153.690002,152.009995,153.149994,144.360519,9151500
8/6/2021,155.190002,157.820007,155.110001,157.5,148.460861,13328800
8/9/2021,157.520004,158.550003,155.899994,157.330002,148.300613,9516900
8/10/2021,156.740005,159.979996,156.309998,159.259995,150.119873,8667000
8/11/2021,160,161.5,159.080002,161.160004,151.910828,9156500
8/12/2021,161.880005,162.369995,160.550003,161.789993,152.504669,8844200
8/13/2021,161.789993,162.160004,159.570007,159.979996,150.798538,8980900
8/16/2021,158.940002,159.029999,156.779999,158.929993,149.808777,8755800
8/17/2021,157.570007,158.860001,155.270004,157.009995,147.998978,9347200
8/18/2021,156.309998,158.009995,155.339996,155.580002,146.651062,8065500
8/19/2021,153.160004,155.559998,153.009995,154.279999,145.425659,9517700
8/20/2021,154.350006,154.899994,153.160004,154.720001,145.840408,6974100
8/23/2021,155.330002,157.089996,155.240005,156.699997,147.706787,7934600
8/24/2021,157,158.550003,156.869995,157.669998,148.621109,7670900
8/25/2021,158.509995,161.779999,157.800003,160.919998,151.684601,11335000
8/26/2021,162.259995,163.830002,161.149994,161.75,152.466949,11027500
8/27/2021,161.75,163.160004,161.259995,163.050003,153.692352,8780200
8/30/2021,163.210007,163.490005,159.880005,160.440002,151.232147,7937600
8/31/2021,160.440002,161.369995,159.350006,159.949997,150.770264,12340800
9/1/2021,160.220001,160.759995,158.970001,159.720001,150.553467,8729900
9/2/2021,160.020004,161.610001,159.429993,160.460007,151.250992,8813300
9/3/2021,160.389999,160.889999,159.149994,159.490005,150.33667,7959700
9/7/2021,159.990005,161.380005,158.960007,159.210007,150.072723,9285600
9/8/2021,158.889999,159.580002,158.039993,158.5,149.403473,7852700
9/9/2021,158.270004,160.830002,158.080002,159.190002,150.053864,7904300
9/10/2021,160.559998,160.720001,157.220001,157.360001,148.328903,8311600
9/13/2021,158.529999,160.050003,158.070007,159.860001,150.68544,10052800
9/14/2021,160.449997,161.339996,156.259995,157.070007,148.055542,11685600
9/15/2021,156.720001,158.690002,156.470001,158.160004,149.083008,11691500
9/16/2021,159.410004,160.850006,157.220001,158.089996,149.017014,10880900
9/17/2021,157.380005,159.009995,157,157.679993,148.630539,25581600
9/20/2021,153.889999,154.559998,150.490005,152.960007,144.181427,15819900
9/21/2021,153.529999,154.550003,152.580002,152.979996,144.200256,8999900
9/22/2021,155.199997,157.25,155.100006,155.910004,146.962143,11236200
9/23/2021,158,161.710007,157.669998,161.179993,151.929688,12336100
9/24/2021,161.440002,163.589996,160.820007,163.039993,153.682922,10102400
9/27/2021,165,167.399994,164.610001,166.979996,157.396805,13220900
9/28/2021,167.699997,169.300003,165.660004,166.080002,156.548431,13387900
9/29/2021,166.210007,166.899994,165.039993,165.949997,156.425919,7777100
9/30/2021,166.919998,166.990005,162.789993,163.690002,154.295624,13161200
10/1/2021,164,168.300003,163.600006,167.130005,157.538193,11285000
10/4/2021,166.970001,170.440002,165.729996,166.949997,157.3685,14120000
10/5/2021,167.210007,170.139999,166.669998,168.660004,159.9384,12292900
10/6/2021,167.990005,169.100006,166,169.020004,160.279755,8692600
10/7/2021,171.199997,171.509995,169.539993,170.089996,161.294418,10195400
10/8/2021,170.020004,171.339996,169.300003,170.220001,161.41774,8190100
10/11/2021,170.800003,171.289993,166.460007,166.639999,158.022842,12154700
10/12/2021,165.75,166.690002,164.770004,165.360001,156.809021,13032600
10/13/2021,164.070007,165.410004,160.600006,161,152.6745,22753500
10/14/2021,161.75,164.009995,160.059998,163.470001,155.016769,15176800
10/15/2021,165.350006,167.169998,164.139999,166.610001,157.9944,14267400
10/18/2021,166.479996,168.610001,165.910004,166.550003,157.937485,12672900
10/19/2021,167.399994,168.649994,166.580002,168.570007,159.853043,8053900
10/20/2021,168.300003,170.869995,167.460007,170.839996,162.00563,8185600
10/21/2021,170.759995,171.330002,168.679993,169.5,160.734924,8415200
10/22/2021,170.029999,172.089996,169.699997,171.779999,162.897049,8817900
10/25/2021,172.710007,172.960007,170.479996,170.940002,162.100479,10159200
10/26/2021,171,172.490005,170.539993,171.399994,162.536667,8015100
10/27/2021,170.320007,170.699997,167.339996,167.830002,159.151306,9847000
10/28/2021,168.300003,170.509995,167.960007,170.360001,161.550461,7212900
10/29/2021,171.179993,172.240005,169.389999,169.889999,161.104767,8140100
11/1/2021,172.039993,172.330002,169.009995,169.800003,161.019424,7435500
11/2/2021,169.800003,171.690002,168.919998,170.470001,161.65477,7173800
11/3/2021,170.130005,171.130005,169.149994,170.529999,161.711655,8402700
11/4/2021,170,170.199997,166.490005,168.289993,159.587509,9574200
11/5/2021,168.899994,170.089996,167.410004,168.050003,159.359924,7975600
11/8/2021,169.050003,170.919998,168.740005,169.059998,160.317688,6413700
11/9/2021,167.350006,168.470001,166.600006,167.779999,159.103882,7990300
11/10/2021,167.449997,168.949997,167.089996,167.619995,158.952164,6999200
11/11/2021,167.520004,168.679993,166.899994,167.610001,158.942673,5815300
11/12/2021,167.649994,167.740005,165.720001,166.860001,158.231445,8113400
11/15/2021,167.210007,167.789993,166,166.559998,157.946976,6492500
11/16/2021,167.059998,167.070007,165.119995,165.360001,156.809021,9706100
11/17/2021,165.210007,165.559998,163.389999,164.470001,155.965042,9909600
11/18/2021,164.389999,164.850006,162.559998,163.050003,154.618484,8122500
11/19/2021,161.300003,162.110001,159.449997,160.919998,152.598633,12193600
11/22/2021,164.160004,165.979996,162.990005,164.350006,155.851242,14549900
11/23/2021,165.5,168.559998,165.369995,168.279999,159.578033,12354400
11/24/2021,168.460007,169.440002,166.440002,166.960007,158.326294,9629800
11/26/2021,162.139999,162.649994,158.820007,161.929993,153.556381,13619300
11/29/2021,163.309998,164.779999,159.820007,161.229996,152.892578,12104400
11/30/2021,159.160004,160.630005,158.289993,158.830002,150.616699,18922600
12/1/2021,161,163.270004,157.800003,157.889999,149.725327,12253400
12/2/2021,159.830002,163.25,158.800003,161.210007,152.873627,12969900
12/3/2021,161.5,161.830002,157.190002,158.289993,150.104614,12681800
12/6/2021,161.009995,162.610001,159.460007,160.160004,151.87793,11186500
12/7/2021,161.880005,163.389999,161.160004,162.570007,154.1633,9851600
12/8/2021,162.660004,163.270004,160.169998,160.710007,152.39949,11705700
12/9/2021,159.649994,160.929993,158.649994,160.460007,152.16243,11189600
12/10/2021,161.320007,161.699997,159.130005,159.820007,151.555511,10405400
12/13/2021,159.5,159.789993,157.279999,157.919998,149.753754,12069000
12/14/2021,157.449997,160.889999,157.300003,159.130005,150.901184,12563600
12/15/2021,159.850006,159.850006,157.350006,157.940002,149.77272,14014200
12/16/2021,160.389999,161.820007,158.699997,160.410004,152.115005,19542800
12/17/2021,159.320007,159.380005,155.179993,156.759995,148.653748,28082000
12/20/2021,154.509995,154.699997,151.839996,153.940002,145.979553,15148000
12/21/2021,155.410004,157.179993,155.089996,156.089996,148.018372,11291300
12/22/2021,155.75,157.059998,155.240005,156.699997,148.596848,7273000
12/23/2021,157.610001,159.119995,157.210007,157.259995,149.127869,8055200
12/27/2021,157.600006,158.199997,156.339996,158.160004,149.981354,6188100
12/28/2021,158.199997,160.149994,158.080002,158.639999,150.436523,6342300
12/29/2021,158.850006,159.630005,158.149994,158.559998,150.360657,6398900
12/30/2021,159.110001,160.240005,158.369995,158.479996,150.284805,6948200
12/31/2021,158.449997,159.289993,157.960007,158.350006,150.161514,5805900
1/3/2022,159.860001,162.639999,159.509995,161.699997,153.338303,13120900
1/4/2022,164.309998,168.580002,164.229996,167.830002,159.151306,20195800
1/5/2022,167.820007,168.360001,163.729996,163.779999,156.241669,17539400
1/6/2022,166.910004,167.369995,163.869995,165.520004,157.901596,14047500
1/7/2022,165.669998,167.529999,165.059998,167.160004,159.46611,13913300
1/10/2022,169.070007,169.309998,165.529999,167.320007,159.618759,12922500
1/11/2022,168.259995,168.520004,166.309998,167.490005,159.780945,11854100
1/12/2022,168.460007,169.589996,167.179993,168.440002,160.687195,12568000
1/13/2022,168.339996,169.809998,167.889999,168.229996,160.486847,13623400
1/14/2022,160.759995,161.029999,156.899994,157.889999,150.622787,40158400
1/18/2022,155.779999,155.779999,150.539993,151.270004,144.307495,32324800
1/19/2022,151.570007,152.229996,148.550003,148.929993,142.075195,22380000
1/20/2022,148.990005,150.610001,147.360001,147.660004,140.863663,14860800
1/21/2022,147.5,147.509995,144.270004,145.080002,138.402374,20705400
1/24/2022,142.279999,145.479996,139.570007,144.949997,138.278381,28471400
1/25/2022,143.649994,146.850006,140.789993,146.529999,139.785645,18915900
1/26/2022,148.720001,150.570007,145.960007,147.919998,141.111664,20709100
1/27/2022,149.419998,150.380005,144.130005,145.309998,138.621811,17536800
1/28/2022,144.190002,146.759995,142.169998,146.610001,139.861969,14117000
1/31/2022,145.639999,148.789993,144.669998,148.600006,141.760376,13985700
2/1/2022,148.690002,151.470001,148.300003,151.149994,144.193008,14584900
2/2/2022,150.5,150.940002,148.070007,149.940002,143.038727,12441100
2/3/2022,150,151.649994,148.289993,148.699997,141.855789,12474900
2/4/2022,149.100006,153.5,148.770004,152.559998,145.538116,16654400
2/7/2022,153.270004,153.619995,150.850006,153.070007,146.024628,12572300
2/8/2022,155,158.479996,154.800003,155.949997,148.772079,20411400
2/9/2022,156.589996,157.429993,155.820007,156.600006,149.392166,9131100
2/10/2022,156.660004,159.029999,155.220001,155.949997,148.772079,16455600
2/11/2022,155.610001,158.190002,152.970001,153.919998,146.835526,16830000
2/14/2022,152.729996,153.679993,150.320007,152.490005,145.471344,17026500
2/15/2022,154.509995,155.940002,153.850006,154.720001,147.598694,9500000
2/16/2022,153.740005,156.100006,153.740005,155,147.865799,9076500
2/17/2022,153,153.729996,150.669998,151.429993,144.460129,11367500
2/18/2022,152.130005,154.139999,151.130005,152.139999,145.137436,11733300
2/22/2022,150.600006,153.240005,150.410004,151.869995,144.879883,11333500
2/23/2022,153.119995,153.300003,147.970001,148.690002,141.846237,11799000
2/24/2022,142.940002,144.990005,139.779999,144.550003,137.896805,25655100
2/25/2022,145.25,150.130005,144.910004,147.970001,141.159363,18367700
2/28/2022,143.550003,145.059998,140.880005,141.800003,135.273376,31315300
3/1/2022,140.039993,140.479996,133.580002,136.449997,130.169586,36840400
3/2/2022,137.289993,140.039993,136.610001,139.279999,132.869354,19405600
3/3/2022,139.839996,140.979996,137.059998,138.289993,131.924911,16640800
3/4/2022,134.940002,135.419998,132.399994,134.399994,128.213943,21016000
3/7/2022,132.169998,132.690002,128.949997,129.210007,123.262848,27560100
3/8/2022,129.639999,131.789993,127.269997,128.300003,122.39473,19207800
3/9/2022,132.899994,135.240005,132.440002,133.440002,127.298149,17536200
3/10/2022,131.860001,133.449997,130.320007,131.860001,125.790878,15604200
3/11/2022,132.490005,134.080002,128.419998,128.889999,122.957573,20061800
3/14/2022,129.460007,132.919998,129.229996,130.169998,124.17865,15786900
3/15/2022,131.800003,133.550003,131.130005,132.479996,126.382339,15096600
3/16/2022,134.869995,138.490005,134.429993,138.399994,132.029846,20354900
3/17/2022,136.860001,140.190002,135.919998,140.149994,133.69931,17050500
3/18/2022,140.190002,140.850006,138.460007,140.100006,133.651627,23656500
3/21/2022,140.350006,140.759995,138.729996,139.649994,133.222305,12676100
3/22/2022,142.270004,143.929993,141.720001,142.619995,136.055618,13548600
3/23/2022,140.979996,141.589996,139.199997,139.779999,133.346344,12093200
3/24/2022,140.300003,140.710007,139.110001,140.690002,134.214432,10017600
3/25/2022,141.089996,143.179993,140.800003,141.919998,135.387848,8383500
3/28/2022,140,140.970001,137.899994,140.869995,134.386169,10818100
3/29/2022,143.350006,143.600006,140.240005,141.179993,134.681885,11316500
3/30/2022,141.899994,142.119995,139.910004,140.539993,134.071365,8771000
3/31/2022,139.830002,140.350006,136.259995,136.320007,130.045593,17353900
4/1/2022,137.399994,137.410004,133.800003,135.309998,129.082062,15721300
4/4/2022,134.119995,136.940002,132.889999,135.910004,129.654465,17416400
4/5/2022,134.070007,135.399994,133.009995,133.339996,128.145615,12110300
4/6/2022,131.580002,132.559998,130.960007,131.490005,126.367699,12914700
4/7/2022,130.949997,131.919998,128.729996,131.089996,125.983276,12994200
4/8/2022,131.669998,133.899994,131.490005,133.490005,128.289795,13126900
4/11/2022,133,134.899994,132.570007,133,127.818871,10466400
4/12/2022,132.139999,134.580002,130.699997,131.539993,126.415726,12989900
4/13/2022,126.940002,129.25,126.010002,127.300003,122.340912,30838000
4/14/2022,126.5,128.300003,125.019997,126.120003,121.206894,18835200
4/18/2022,125.669998,129.240005,125.540001,128.460007,123.455727,11834400
4/19/2022,128.449997,131.320007,128.229996,131.119995,126.0121,15015400
4/20/2022,132.520004,133.509995,131.339996,131.580002,126.454193,13430200
4/21/2022,132.220001,132.809998,129.960007,130.559998,125.473915,12174200
4/22/2022,130.279999,130.520004,126.690002,126.809998,121.870003,14318800
4/25/2022,126.010002,127.120003,123.110001,126.769997,121.831551,17149000
4/26/2022,124.639999,126.410004,122.870003,123.019997,118.227646,17209500
4/27/2022,122.330002,123.559998,121.220001,121.419998,116.689972,17215200
4/28/2022,122.809998,123.650002,121.139999,123.339996,118.535179,13015600
4/29/2022,123.050003,123.610001,118.900002,119.360001,114.71022,14874800
5/2/2022,119.879997,120.709999,118.220001,120.449997,115.757759,18545000
5/3/2022,121.529999,124.169998,120.779999,123.029999,118.237259,15720900
5/4/2022,122.800003,127.400002,122.739998,127.099998,122.148705,17128500
5/5/2022,125.25,126.099998,122.160004,123.919998,119.092583,15055400
5/6/2022,123.800003,124.290001,121.18,123.720001,118.900383,14417900
5/9/2022,122.110001,123.330002,120.5,121.860001,117.112846,14312300
5/10/2022,123.110001,123.779999,117.559998,118.889999,114.25853,16382400
5/11/2022,119.300003,122.889999,117.940002,118.139999,113.53775,14630300
5/12/2022,117,118.32,115.370003,118.040001,113.441643,16318800
5/13/2022,119.410004,120.25,117.959999,119.089996,114.450745,10443200
5/16/2022,118.540001,119.459999,117.230003,118.260002,113.653076,10269000
5/17/2022,121.040001,122.970001,120.809998,122.18,117.420364,11160200
5/18/2022,121.300003,121.970001,119.529999,120.089996,115.411781,12664900
5/19/2022,118.190002,119.650002,117.629997,118.309998,113.701126,12765800
5/20/2022,119.459999,119.669998,115.019997,117.339996,112.768913,13150100
5/23/2022,120.459999,126.57,120.449997,124.599998,119.746101,24376700
5/24/2022,124.360001,127.489998,123.110001,126.360001,121.437538,19324900
5/25/2022,126.279999,127.860001,125.169998,127.239998,122.283257,12780400
5/26/2022,128.369995,130.190002,128.210007,129.440002,124.39756,15990900
5/27/2022,130.160004,131.270004,129.139999,131.270004,126.156265,11177800
5/31/2022,130.179993,133.149994,129.710007,132.229996,127.07885,17015000
6/1/2022,132.869995,132.869995,128.669998,129.910004,124.849251,10768000
6/2/2022,129.899994,132.009995,128.669998,132,126.857819,8374800
6/3/2022,131.210007,131.770004,129.990005,130.160004,125.089508,8596000
6/6/2022,131.089996,132.389999,129.460007,129.729996,124.676254,11323500
6/7/2022,128.830002,130.320007,128.619995,130.070007,125.003006,6722200
6/8/2022,129,129.449997,126.900002,128,123.013649,8422100
6/9/2022,127.370003,128.100006,125.269997,125.309998,120.428436,13560100
6/10/2022,122.589996,123.400002,119.32,119.550003,114.892822,12945200
6/13/2022,116.860001,117.949997,115.059998,115.989998,111.471512,16805600
6/14/2022,115.550003,117.32,113.220001,114.059998,109.616699,13357900
6/15/2022,115.620003,116.949997,113.169998,115.410004,110.914108,14083500
6/16/2022,113.860001,114.260002,111.870003,113.43,109.011238,16724900
6/17/2022,113.540001,114.629997,112.160004,113.029999,108.626816,30919900
6/21/2022,115.870003,117.029999,115.040001,115.830002,111.317749,11680500
6/22/2022,114.879997,116.199997,114.389999,115.18,110.693062,9842700
6/23/2022,115.010002,115.18,111.480003,113.919998,109.482147,11851500
6/24/2022,113.230003,117.82,112.830002,117.32,112.749702,14841100
6/27/2022,118.059998,118.5,115.639999,116.379997,111.846321,11280500
6/28/2022,117.669998,119.290001,115.599998,115.82,111.308121,11590900
6/29/2022,116,116.82,114.730003,115.300003,110.808395,9338400
6/30/2022,113.169998,114.080002,110.93,112.610001,108.223183,15172600
7/1/2022,112.650002,114.419998,111.160004,114.050003,109.607079,10573600
7/5/2022,110.769997,112.709999,109.300003,112.620003,109.190186,12514200
7/6/2022,111.730003,112.989998,110.790001,111.889999,108.482414,10656200
7/7/2022,113.5,114.900002,113.400002,114.720001,111.226219,10347400
7/8/2022,115.160004,115.650002,113.610001,114.360001,110.87719,8807800
7/11/2022,113.550003,114.230003,112.220001,112.860001,109.422867,7939500
7/12/2022,112.580002,115.18,112.260002,112.970001,109.529518,11250900
7/13/2022,111.75,112.480003,110.379997,111.910004,108.501808,12979900
7/14/2022,107.989998,108.230003,106.059998,108,104.710876,26204800
7/15/2022,109.160004,113.879997,107.669998,112.949997,109.510124,18863900
7/18/2022,114.769997,115.839996,111.290001,111.790001,108.38546,13977900
7/19/2022,113.129997,114.940002,112.669998,114.559998,111.071091,11862300
7/20/2022,114.099998,114.739998,113.480003,114.540001,111.051704,11667500
7/21/2022,114.440002,115.529999,113.370003,115.32,111.807953,11595900
7/22/2022,115.239998,116.25,113.669998,114.760002,111.265007,7645500
7/25/2022,115.839996,116.459999,114.769997,115.220001,111.710999,9394000
7/26/2022,114.580002,115.580002,113.029999,113.419998,109.965813,10675100
7/27/2022,114.010002,115.739998,113.300003,115.239998,111.730377,9337400
7/28/2022,115.25,115.980003,113.529999,114.809998,111.313477,10384800
7/29/2022,115.589996,116.5,114.790001,115.360001,111.846733,12944500
8/1/2022,114.5,115.110001,113.07,114.209999,110.731758,14740400
8/2/2022,113.919998,114.400002,112.269997,112.43,109.005966,14942900
8/3/2022,113.449997,114.099998,111.709999,113.610001,110.150024,14394500
8/4/2022,112.849998,113.32,111.019997,112.360001,108.938103,18033900
8/5/2022,112.529999,116.190002,112.050003,115.760002,112.234558,14174600
8/8/2022,116.25,116.699997,114.18,114.349998,110.867493,10332500
8/9/2022,114.75,115.989998,114.370003,115.379997,111.866127,10233800
8/10/2022,117.959999,119.370003,117.5,118.389999,114.784447,12847300
8/11/2022,119.900002,121.199997,119.309998,120.139999,116.481155,11684900
8/12/2022,120.669998,122.25,119.440002,122.129997,118.410553,9906700
8/15/2022,121.139999,122.720001,120.599998,122.459999,118.730499,8456200
8/16/2022,122.290001,124.239998,121.870003,123.629997,119.864876,9555000
8/17/2022,122.300003,123.160004,121.690002,122.589996,118.856544,8149300
8/18/2022,122.239998,122.470001,120.550003,121.639999,117.935478,9531800
8/19/2022,120.620003,120.989998,118.110001,118.629997,115.017143,13464500
8/22/2022,116.75,117.160004,115.5,116.669998,113.116837,8967600
8/23/2022,116.690002,117.290001,115.379997,115.519997,112.001862,7607000
8/24/2022,115.290001,116.410004,114.449997,115.800003,112.273338,9771300
8/25/2022,116.160004,118.739998,115.68,118.550003,114.939583,10758900
8/26/2022,119.459999,119.989998,114.599998,114.669998,111.177742,11276200
8/29/2022,114,114.860001,113.459999,114.389999,110.906273,8117300
8/30/2022,115,115.580002,113.360001,114.410004,110.925667,10745400
8/31/2022,114.480003,115.029999,113.339996,113.730003,110.26638,10738300
9/1/2022,113.290001,114.629997,111.910004,114.510002,111.022621,9979800
9/2/2022,115.870003,117.449997,113.190002,113.709999,110.246979,10666600
9/6/2022,114.330002,114.75,112.07,113.739998,110.276054,9751900
9/7/2022,113.129997,116.110001,112.760002,115.900002,112.370285,10647900
9/8/2022,115.279999,118.790001,114.629997,118.599998,114.988052,11435000
9/9/2022,119.139999,120.050003,118.669998,119.169998,115.540695,9299700
9/12/2022,120.620003,121.550003,119.790001,120.580002,116.907761,8614600
9/13/2022,118.07,118.919998,115.779999,116.389999,112.845367,12904600
9/14/2022,116.699997,117.839996,114.879997,116.120003,112.58358,9345700
9/15/2022,116.120003,119.379997,115.760002,117.870003,114.280289,10821400
9/16/2022,117.389999,117.400002,115.370003,117.080002,113.514351,14844100
9/19/2022,116,118.730003,115.510002,118.160004,114.561462,8201300
9/20/2022,117.410004,117.690002,114.639999,115.830002,112.302422,9619000
9/21/2022,116.540001,116.599998,112.419998,112.489998,109.064133,12606300
9/22/2022,113.379997,113.599998,111.07,111.209999,107.82312,11684500
9/23/2022,110.050003,110.339996,107.160004,109.139999,105.816154,18138600
9/26/2022,108,109.610001,106.059998,106.790001,103.537735,15753600
9/27/2022,107.75,108.169998,104.650002,105.849998,102.626358,12793600
9/28/2022,105.949997,108.730003,105.639999,107.989998,104.70118,12762600
9/29/2022,106.949997,107.279999,104.400002,106.160004,102.926918,12713900
9/30/2022,106.059998,107.620003,104.400002,104.5,101.317474,15973400
10/3/2022,105.620003,108.360001,104.459999,107.730003,104.449112,12248100
10/4/2022,110.610001,112.989998,109.860001,112.769997,109.335602,16013600
10/5/2022,109.75,110.949997,108.830002,110.389999,107.985672,10943500
10/6/2022,109.459999,110.190002,107.940002,108.139999,105.784676,11521400
10/7/2022,107.519997,107.709999,105.269997,105.980003,103.671722,11681100
10/10/2022,106.730003,107.309998,104.519997,104.989998,102.703278,8931700
10/11/2022,104.370003,104.540001,101.849998,101.959999,99.739281,12739700
10/12/2022,101.800003,104.730003,101.279999,103.610001,101.35334,13181000
10/13/2022,101.980003,109.900002,101.760002,109.370003,106.987892,22398700
10/14/2022,111.959999,115.239998,110.720001,111.190002,108.768242,33387100
10/17/2022,115.410004,117.010002,114.32,115.860001,113.336533,22276300
10/18/2022,119.660004,120.139999,116.959999,118.839996,116.251625,21539700
10/19/2022,117.989998,118.830002,115.669998,116.510002,113.972374,17072000
10/20/2022,117.160004,118.709999,115.650002,116.129997,113.600639,12207400
10/21/2022,116.459999,122.389999,116.330002,122.230003,119.567787,20593300
10/24/2022,122.07,123.099998,121.330002,122.379997,119.714516,12624200
10/25/2022,121.849998,123.269997,120.889999,122.699997,120.027542,11289100
10/26/2022,123,125.199997,122.879997,124.110001,121.406845,11667000
10/27/2022,125.199997,126.199997,124.209999,124.599998,121.886169,10727600
10/28/2022,125.290001,126.279999,124.050003,126.080002,123.333939,11859500
10/31/2022,125.699997,127.43,125.589996,125.879997,123.13829,13295200
11/1/2022,126.870003,128.279999,126.330002,128.149994,125.358841,13386900
11/2/2022,127.650002,130.360001,126.639999,126.970001,124.204552,16546100
11/3/2022,126.309998,128.179993,125.910004,127.199997,124.429543,12474400
11/4/2022,129.490005,130.830002,128.460007,130.679993,127.83374,14953200
11/7/2022,131,132.289993,130.479996,131.369995,128.508713,12011200
11/8/2022,131.240005,132.059998,130.139999,131.449997,128.586975,9884100
11/9/2022,131.320007,131.429993,129.220001,129.740005,126.914238,9494000
11/10/2022,132.630005,135.25,132.529999,135.080002,132.137909,16351600
11/11/2022,135.190002,136.169998,133.779999,135.300003,132.353119,10704700
11/14/2022,134.800003,135.729996,133.910004,133.910004,130.993393,11085600
11/15/2022,134.679993,135.710007,131.600006,132.940002,130.044525,14038300
11/16/2022,133,133.559998,132.029999,133.119995,130.220612,7893400
11/17/2022,132,132.889999,131.279999,132.539993,129.653229,8820200
11/18/2022,134.570007,134.669998,132.279999,133.839996,130.924911,9468500
11/21/2022,133.740005,134.559998,132.75,133.050003,130.15213,7800500
11/22/2022,134,135.270004,133.690002,135.039993,132.09877,9185700
11/23/2022,134.940002,136.5,134.860001,136.479996,133.507416,7316200
11/25/2022,136.479996,137.139999,136.059998,136.740005,133.761749,3220500
11/28/2022,136.070007,136.710007,134.190002,134.350006,131.423813,9906900
11/29/2022,134.660004,136.639999,134.410004,136.559998,133.585678,7925300
11/30/2022,136.089996,138.179993,133.190002,138.179993,135.17038,14761200
12/1/2022,138.179993,138.660004,135.429993,136.240005,133.272644,8858500
12/2/2022,134.490005,135.350006,133.339996,135.160004,132.216187,8931900
12/5/2022,134.240005,134.570007,130.600006,131.369995,128.508713,10154500
12/6/2022,133.389999,135.110001,129.869995,131.589996,128.723907,13966700
12/7/2022,131.309998,133.080002,130.330002,131.5,128.63588,11739400
12/8/2022,132.330002,132.979996,131.429993,132.880005,129.985825,8907300
12/9/2022,132.199997,133.759995,132,132.160004,129.281509,7957800
12/12/2022,132.399994,134.649994,131.600006,134.210007,131.286865,8841600
12/13/2022,136.889999,137.089996,133.080002,134.080002,131.159698,10025400
12/14/2022,133.779999,135.710007,132.759995,133.410004,130.504288,9966100
12/15/2022,131.149994,132.080002,129.050003,130.100006,127.266388,12087800
12/16/2022,129.149994,129.899994,128.429993,129.289993,126.474014,21133700
12/19/2022,129.649994,131.330002,129.089996,130.059998,127.227242,9017200
12/20/2022,130.970001,132.050003,130.199997,130.690002,127.843529,8549900
12/21/2022,132.179993,132.979996,131.770004,132.160004,129.281509,8051700
12/22/2022,131.100006,131.300003,128.410004,130.660004,127.814186,8648200
12/23/2022,130.580002,131.440002,129.639999,131.279999,128.420685,5091900
12/27/2022,131.570007,132.220001,130.550003,131.740005,128.870667,5411000
12/28/2022,131.850006,133.410004,131.009995,132.460007,129.574966,8827700
12/29/2022,132.929993,133.270004,132.309998,133.220001,130.31842,6585200
12/30/2022,132.809998,134.330002,132.440002,134.100006,131.179276,9292500
1/3/2023,135.240005,136.740005,133.889999,135.119995,132.177048,11054800
1/4/2023,135.990005,137.679993,135.570007,136.380005,133.409607,11687600
1/5/2023,135.660004,135.710007,133.699997,135.350006,133.380051,8381300
1/6/2023,136.130005,138.380005,134.490005,137.940002,135.932343,10029100
1/9/2023,138.600006,138.880005,136.880005,137.369995,135.370636,8482300
1/10/2023,137.789993,138.720001,137.309998,138.600006,136.582733,9048700
1/11/2023,138.899994,139.75,138.100006,139.630005,137.597733,8703700
1/12/2023,140,140.860001,139.220001,139.490005,137.459778,11001700
1/13/2023,135.600006,143.490005,134.800003,143.009995,140.928543,20200000
1/17/2023,141.169998,141.539993,139.229996,140.800003,138.750702,14292900
1/18/2023,138.919998,140.729996,136.410004,136.570007,134.582291,13392600
1/19/2023,135.320007,135.899994,133.589996,134.75,132.788773,13303400
1/20/2023,135.160004,135.490005,133.550003,135.080002,133.113953,13092500
1/23/2023,135.119995,137.960007,134.820007,137.270004,135.272095,10487100
1/24/2023,136.419998,140.289993,135,138.449997,136.434921,6945000
1/25/2023,138.050003,139.119995,137.25,139.119995,137.095169,8967000
1/26/2023,139.419998,140.059998,138.360001,139.979996,137.942642,7487600
1/27/2023,140.610001,141.259995,139.75,140.320007,138.277695,7489900
1/30/2023,139.229996,140.089996,138.910004,139.130005,137.105026,6729300
1/31/2023,139.880005,140.070007,138.25,139.960007,137.922943,9188700
2/1/2023,138.210007,140.880005,138.119995,139.589996,137.558319,8841800
2/2/2023,140,140.460007,138,138.940002,136.917786,11822100
2/3/2023,138.179993,142.330002,138.130005,141.089996,139.036484,11501200
2/6/2023,140.229996,142.240005,140.029999,141.919998,139.854416,8406200
2/7/2023,141.380005,144.339996,141.179993,143.649994,141.559219,10447900
2/8/2023,142.649994,144.039993,142.279999,142.639999,140.563919,6958000
2/9/2023,143.119995,143.339996,139.869995,140.419998,138.376236,6443100
2/10/2023,139.779999,141.279999,138.589996,141.039993,138.987213,6582900
2/13/2023,141.300003,142.729996,140.740005,142.570007,140.494949,7134600
2/14/2023,142.5,143.809998,141.600006,143.199997,141.115784,9249400
2/15/2023,141.610001,143.889999,141.300003,143.800003,141.707047,6728300
2/16/2023,142.910004,143.389999,141.679993,141.820007,139.755875,8165300
2/17/2023,140.979996,142.830002,140.070007,142.240005,140.169754,7948800
2/21/2023,140.690002,141.339996,138.75,139.630005,137.597733,9996300
2/22/2023,138.919998,139.429993,137.440002,138.559998,136.543304,11107500
2/23/2023,138.729996,140.169998,137.940002,139.669998,137.637161,8068000
2/24/2023,139.110001,141.360001,138.929993,140.929993,138.878815,9126900
2/27/2023,142.110001,143.309998,141.720001,142.160004,140.090912,10014700
2/28/2023,142.940002,143.759995,141.899994,143.350006,141.263596,11019800
3/1/2023,142.100006,143.460007,141.800003,142.550003,140.475235,7139200
3/2/2023,142.240005,142.429993,139.539993,141.070007,139.0168,11106800
3/3/2023,141.509995,143.740005,141.080002,143.660004,141.569092,9513100
3/6/2023,143.440002,144.039993,142.660004,142.820007,140.741302,9261300
3/7/2023,142.009995,142.309998,137.809998,138.619995,136.602432,11747600
3/8/2023,138,138.589996,136.889999,137.800003,135.794373,10002500
3/9/2023,136.759995,137.350006,129.220001,130.339996,128.442947,25888100
3/10/2023,128.960007,135.259995,127.82,133.649994,131.704773,37599700
3/13/2023,131.210007,133.880005,129.410004,131.25,129.339706,42901100
3/14/2023,135.279999,135.529999,131.289993,134.619995,132.660645,29648100
3/15/2023,130.979996,130.990005,126.730003,128.259995,126.393219,34280600
3/16/2023,128.009995,131.949997,126.019997,130.75,128.846985,24558500
3/17/2023,128.380005,128.479996,125.449997,125.809998,123.978882,38396000
3/20/2023,126.989998,129.470001,126.010002,127.139999,125.289528,22875500
3/21/2023,130.589996,131.729996,130.190002,130.550003,128.649902,17807800
3/22/2023,130.559998,130.660004,127.080002,127.18,125.328941,17250200
3/23/2023,127.900002,129.529999,126.019997,126.839996,124.993889,16677600
3/24/2023,125.629997,125.68,123.110001,124.910004,123.091988,22311100
3/27/2023,126.790001,129.380005,126.290001,128.490005,126.619881,18853900
3/28/2023,128.710007,129.339996,127.739998,128.880005,127.004204,10820500
3/29/2023,130.100006,130.220001,127.769997,129.139999,127.260422,14595300
3/30/2023,129.949997,130.119995,127.650002,128.75,126.876099,12134700
3/31/2023,129.660004,130.339996,128.850006,130.309998,128.413391,13105200
4/3/2023,129.910004,131.440002,129.410004,130.160004,128.265579,11775400
4/4/2023,130.5,130.589996,127.410004,128.419998,126.550896,11579900
4/5/2023,126.800003,128.149994,126.459999,127.610001,126.739601,9614700
4/6/2023,127,128.080002,126.860001,127.470001,126.600555,8760200
4/10/2023,126.540001,128.229996,126.220001,127.889999,127.017685,9477300
4/11/2023,128.300003,128.940002,127.540001,128.520004,127.643394,10516300
4/12/2023,129.179993,130.429993,128.059998,128.5,127.623528,11821000
4/13/2023,128.460007,129.039993,126.830002,128.990005,128.110184,12450200
4/14/2023,135.149994,139.119995,134.899994,138.729996,137.783752,43931300
4/17/2023,139.949997,140.059998,137.660004,139.830002,138.876251,16050500
4/18/2023,140.270004,141.779999,139.029999,141.399994,140.435532,13760100
4/19/2023,141.229996,141.5,140.399994,141.220001,140.256775,9158100
4/20/2023,139.910004,141.429993,139.839996,140.809998,139.849564,10586200
4/21/2023,139.740005,141.110001,138.779999,140.539993,139.581406,11842500
4/24/2023,140.460007,141.100006,140.039993,140.729996,139.770111,7567500
4/25/2023,139.600006,139.960007,137.630005,137.669998,136.730972,10629300
4/26/2023,137.619995,137.809998,134,135.229996,134.307617,14416100
4/27/2023,136,137.910004,135.660004,137.050003,136.115219,9041100
4/28/2023,136.559998,138.320007,135.669998,138.240005,137.297104,9881800
5/1/2023,142.259995,143.369995,140.830002,141.199997,140.236893,20415800
5/2/2023,141.399994,142.410004,138.429993,138.919998,137.972458,14113400
5/3/2023,138.440002,138.669998,135.759995,135.979996,135.052505,12930900
5/4/2023,134.960007,135.720001,131.809998,134.119995,133.205185,17089200
5/5/2023,136.440002,137.880005,135.910004,136.740005,135.807327,11259100
5/8/2023,137.490005,137.970001,136.479996,137.070007,136.135086,7484900
5/9/2023,135.929993,136.949997,135.210007,136.410004,135.479584,7343600
5/10/2023,137.949997,138.059998,134.869995,136.479996,135.549088,8133400
5/11/2023,135,136.809998,134.899994,136.050003,135.12204,7057300
5/12/2023,136.820007,136.990005,133.130005,134.100006,133.185333,9986400
5/15/2023,134.270004,135.669998,133.960007,135.229996,134.307617,7639500
5/16/2023,135.460007,135.940002,133.960007,134.320007,133.403839,6477200
5/17/2023,135.899994,138.589996,135.460007,138.449997,137.505661,12711500
5/18/2023,138.270004,139.729996,137.759995,139.5,138.548492,10999600
5/19/2023,139.789993,140.490005,138.130005,139.179993,138.230667,13490700
5/22/2023,141,141.639999,137.660004,138.029999,137.088531,11402500
5/23/2023,137.539993,139.029999,136.460007,136.589996,135.65834,9514900
5/24/2023,135.399994,136.350006,135.080002,135.339996,134.41687,8578000
5/25/2023,134.820007,136.270004,134.580002,135.669998,134.744614,8472500
5/26/2023,136.110001,137.600006,135.630005,136.940002,136.005966,8579900
5/30/2023,136.800003,137.720001,136.020004,137.460007,136.522415,7399900
5/31/2023,136.729996,136.839996,134.399994,135.710007,134.784363,14219900
6/1/2023,136.520004,138.229996,135.449997,137.580002,136.641602,12248100
6/2/2023,139.559998,141.479996,139.339996,140.470001,139.511887,12917200
6/5/2023,140.110001,140.110001,138.130005,139.089996,138.141296,8511900
6/6/2023,138.679993,140.100006,138.210007,139.339996,138.389587,9329500
6/7/2023,139.550003,141.270004,138.830002,140.690002,139.730377,9281400
6/8/2023,140.669998,140.889999,139.479996,140.729996,139.770111,7368100
6/9/2023,140.350006,141.800003,140.210007,141.009995,140.048187,7249100
6/12/2023,141.070007,141.320007,139.759995,141,140.038269,7596600
6/13/2023,140.479996,142.869995,140.139999,142.020004,141.051315,7701600
6/14/2023,143,143.610001,140.699997,141.490005,140.524933,9068700
6/15/2023,140.589996,143.399994,140.029999,143.089996,142.114014,9343100
6/16/2023,143.050003,143.970001,142.5,143.259995,142.282852,13812100
6/20/2023,142.610001,143,141.039993,142.529999,141.557831,8428600
6/21/2023,142.899994,144.020004,141.690002,142.320007,141.349274,9926500
6/22/2023,142.309998,142.600006,138.949997,139.580002,138.62796,10075200
6/23/2023,138.539993,139.179993,137.619995,138.850006,137.902939,9907500
6/26/2023,138.869995,140.009995,137.690002,139.190002,138.240616,8429700
6/27/2023,139,139.839996,138.539993,139.199997,138.250549,8154000
6/28/2023,139.160004,139.210007,137.960007,138.589996,137.644699,7558600
6/29/2023,140.070007,143.559998,139.850006,143.429993,142.451691,15423200
6/30/2023,144.600006,146,143.660004,145.440002,144.447983,14208500
7/3/2023,146.190002,147.479996,146,146.610001,145.610001,8021600
7/5/2023,144.940002,145.429993,144.360001,144.639999,144.639999,8934900
7/6/2023,143.020004,143.389999,141.440002,143.210007,143.210007,9709500
7/7/2023,143.910004,145.839996,143,144.339996,144.339996,8977500
7/10/2023,144.5,145.990005,144.5,145.149994,145.149994,9100100
7/11/2023,146.339996,147.820007,145.710007,147.419998,147.419998,11265600
7/12/2023,147.449997,149.869995,147,148.149994,148.149994,11323200
7/13/2023,148.699997,149.369995,147.75,148.869995,148.869995,11234900
7/14/2023,151.550003,152.889999,148.410004,149.770004,149.770004,27011600
